,name,position,age,from_team,to_tam,contract_length,total_salary,avg_salary,year
0,Wil Nieves,C,33.2,WSH,MIL,1,775000,775000,2011
1,Albert Pujols,DH,31.8,STL,LAA,10,240000000,24000000,2012
2,Prince Fielder,DH,27.7,MIL,DET,9,214000000,23777778,2012
3,Jose Reyes,SS,28.4,NYM,MIA,6,106000000,17666667,2012
4,C.J. Wilson,SP,31.0,TEX,LAA,5,77500000,15500000,2012
5,Mark Buehrle,SP,32.7,CHW,MIA,4,58000000,14500000,2012
6,Jonathan Papelbon,RP,30.9,BOS,PHI,4,50000000,12500000,2012
7,Aramis Ramirez,3B,33.4,CHC,MIL,3,36000000,12000000,2012
8,Michael Cuddyer,LF,32.7,MIN,COL,3,31500000,10500000,2012
9,Heath Bell,RP,34.2,SD,MIA,3,27000000,9000000,2012
10,Carlos Beltran,DH,34.6,SF,STL,2,26000000,13000000,2012
11,Josh Willingham,LF,32.8,OAK,MIN,3,21000000,7000000,2012
12,Coco Crisp,CF,32.2,OAK,OAK,2,14000000,7000000,2012
13,Rafael Furcal,SS,34.1,STL,STL,2,14000000,7000000,2012
14,Aaron Harang,SP,33.5,SD,LAD,2,12000000,6000000,2012
15,Frank Francisco,RP,32.2,TOR,NYM,2,12000000,6000000,2012
16,Edwin Jackson,SP,28.3,STL,WSH,1,11000000,11000000,2012
17,Aaron Hill,3B,29.6,ARI,ARI,2,11000000,5500000,2012
18,Clint Barmes,SS,32.7,HOU,PIT,2,10500000,5250000,2012
19,Chris Capuano,RP,33.2,NYM,LAD,2,10000000,5000000,2012
20,David DeJesus,LF,31.9,OAK,CHC,2,10000000,5000000,2012
21,Mark Ellis,2B,34.4,COL,LAD,2,8750000,4375000,2012
22,Omar Infante,2B,29.8,MIA,MIA,2,8000000,4000000,2012
23,Carlos Pena,1B,33.7,CHC,TB,1,7250000,7250000,2012
24,Jamey Carroll,2B,37.7,LAD,MIN,2,6500000,3250000,2012
25,Ramon Hernandez,C,35.5,CIN,COL,2,6400000,3200000,2012
26,Luke Scott,DH,33.5,BAL,TB,1,6000000,6000000,2012
27,Jerry Hairston Jr.,LF,35.5,MIL,LAD,2,6000000,3000000,2012
28,Roy Oswalt,SP,34.8,PHI,TEX,1,5000000,5000000,2012
29,Grady Sizemore,RF,29.2,CLE,CLE,1,5000000,5000000,2012
30,Matt Capps,RP,28.2,MIN,MIN,1,4500000,4500000,2012
31,Juan Rivera,LF,33.3,LAD,LAD,1,4500000,4500000,2012
32,Alex Gonzalez,SS,34.8,ATL,MIL,1,4250000,4250000,2012
33,Freddy Garcia,SP,35.2,NYY,NYY,1,4000000,4000000,2012
34,Ramon Santiago,2B,32.2,DET,DET,2,4000000,2000000,2012
35,Jonathan Broxton,RP,27.4,LAD,KC,1,4000000,4000000,2012
36,Rod Barajas,C,36.2,LAD,PIT,1,4000000,4000000,2012
37,Chien-Ming Wang,RP,31.6,WSH,WSH,1,4000000,4000000,2012
38,Willie Bloomquist,2B,33.9,ARI,ARI,2,3800000,1900000,2012
39,Jon Rauch,RP,7.8,TOR,NYM,1,3500000,3500000,2012
40,Ryan Theriot,2B,31.0,STL,SF,1,3300000,3300000,2012
41,Wilson Betemit,3B,30.2,DET,BAL,2,3250000,1625000,2012
42,Casey Kotchman,1B,28.9,TB,CLE,1,3000000,3000000,2012
43,Cody Ross,RF,31.1,SF,BOS,1,3000000,3000000,2012
44,Ryan Ludwick,LF,33.5,PIT,CIN,1,3000000,3000000,2012
45,Kerry Wood,RP,34.5,CHC,CHC,1,3000000,3000000,2012
46,Greg Dobbs,1B,33.5,MIA,MIA,2,3000000,1500000,2012
47,Octavio Dotel,RP,38.0,STL,DET,1,3000000,3000000,2012
48,LaTroy Hawkins,RP,38.9,MIL,LAA,1,3000000,3000000,2012
49,Laynce Nix,RF,31.1,WSH,PHI,2,2500000,1250000,2012
50,Andruw Jones,LF,34.7,NYY,NYY,1,2000000,2000000,2012
51,Casey Blake,3B,37.2,COL,COL,1,2000000,2000000,2012
52,Jose Molina,C,36.4,TOR,TB,1,1800000,1800000,2012
53,Takashi Saito,RP,41.8,MIL,ARI,1,1750000,1750000,2012
54,Joel Pineiro,SP,33.2,LAA,PHI,1,1500000,1500000,2012
55,Vincent Padilla,RP,34.2,LAD,BOS,1,1500000,1500000,2012
56,Aaron Cook,SP,32.9,COL,BOS,1,1500000,1500000,2012
57,Endy Chavez,LF,33.8,TEX,BAL,1,1500000,1500000,2012
58,Todd Coffey,RP,31.3,WSH,LAD,1,1300000,1300000,2012
59,Austin Kearns,LF,31.6,CLE,MIA,1,1300000,1300000,2012
60,Johnny Damon,LF,38.4,TB,CLE,1,1250000,1250000,2012
61,Rick Ankiel,CF,32.5,WSH,WSH,1,1250000,1250000,2012
62,Jim Thome,DH,41.2,CLE,PHI,1,1250000,1250000,2012
63,Henry Blanco,C,40.2,ARI,ARI,1,1200000,1200000,2012
64,Ronny Cedeno,SS,28.9,PIT,NYM,1,1150000,1150000,2012
65,Reed Johnson,LF,35.0,CHC,CHC,1,1150000,1150000,2012
66,Raul Ibanez,DH,39.7,PHI,NYY,1,1100000,1100000,2012
67,Scott Hairston,RF,31.6,NYM,NYM,1,1100000,1100000,2012
68,Ronny Paulino,C,30.8,NYM,BAL,1,1000000,1000000,2012
69,Jonny Gomes,LF,31.1,WSH,OAK,1,1000000,1000000,2012
70,Jack Wilson,2B,34.0,ATL,ATL,1,1000000,1000000,2012
71,Kevin Kouzmanoff,3B,30.4,NYM,KC,1,1000000,1000000,2012
72,Guillermo Mota,RP,38.3,SF,SF,1,1000000,1000000,2012
73,Felix Pie,CF,26.8,BAL,CLE,1,1000000,1000000,2012
74,Tim Byrdak,RP,37.8,NYM,NYM,1,1000000,1000000,2012
75,Luis Ayala,RP,34.0,NYY,BAL,1,925000,925000,2012
76,Hideki Matsui,DH,37.8,OAK,TB,1,900000,900000,2012
77,Zach Duke,RP,28.9,ARI,WSH,1,900000,900000,2012
78,Chris Young,RP,32.8,NYM,NYM,1,900000,900000,2012
79,Eric Chavez,3B,34.2,NYY,NYY,1,900000,900000,2012
80,Dan Johnson,1B,32.5,TB,CHW,1,900000,900000,2012
81,Jamey Wright,RP,37.1,SEA,LAD,1,900000,900000,2012
82,Dan Wheeler,RP,34.1,BOS,CLE,1,900000,900000,2012
83,Fred Lewis,LF,31.1,CIN,CLE,1,900000,900000,2012
84,Scott Linebrink,RP,35.5,ATL,STL,1,850000,850000,2012
85,Juan Pierre,LF,34.4,CHW,PHI,1,800000,800000,2012
86,Willie Harris,LF,33.6,NYM,CIN,1,800000,800000,2012
87,Dioner Navarro,C,27.9,LAD,CIN,1,800000,800000,2012
88,Mark Derosa,3B,36.8,SF,WSH,1,800000,800000,2012
89,Jose Lopez,3B,28.0,MIA,CLE,1,800000,800000,2012
90,Dave Bush,SP,32.1,TEX,PHI,1,800000,800000,2012
91,Adam Kennedy,2B,35.8,SEA,LAD,1,800000,800000,2012
92,Brian Schneider,C,34.9,PHI,PHI,1,800000,800000,2012
93,Chris Snyder,C,30.9,PIT,HOU,1,750000,750000,2012
94,Miguel Batista,SP,40.8,NYM,NYM,1,750000,750000,2012
95,Jared Burton,RP,29.6,CIN,MIN,1,750000,750000,2012
96,Xavier Nady,1B,33.3,ARI,WSH,1,700000,700000,2012
97,Jason Isringhausen,RP,39.5,NYM,LAA,1,650000,650000,2012
98,Bill Hall,3B,32.1,SF,NYY,1,600000,600000,2012
99,Brad Penny,SP,34.1,DET,SF,1,500000,500000,2012
100,David Aardsma,RP,30.1,SEA,NYY,1,500000,500000,2012
101,Andrew Brackman,RP,26.0,NYY,CIN,1,500000,500000,2012
102,Brandon Inge,3B,34.9,DET,OAK,1,414066,414066,2012
103,Bobby Abreu,LF,38.1,LAA,LAD,1,401311,401311,2012
104,Jon Garland,SP,32.3,LAD,CLE,1,,,2012
105,Russell Branyan,1B,36.1,LAA,NYY,1,,,2012
106,Joe Beimel,RP,34.8,PIT,TEX,1,,,2012
107,Alex Cora,2B,38.2,WSH,STL,1,,,2012
108,Corey Patterson,RF,32.4,STL,MIL,1,,,2012
109,Trever Miller,RP,38.7,TOR,BAL,1,,,2012
110,Doug Slaten,RP,31.9,WSH,PIT,1,,,2012
111,Koyie Hill,C,32.8,CHC,STL,1,,,2012
112,Wil Nieves,C,34.2,MIL,COL,1,,,2012
113,Hideki Okajima,RP,35.9,BOS,NYY,1,,,2012
114,Conor Jackson,1B,28.8,BOS,TEX,1,,,2012
115,Hiroki Kuroda,SP,35.8,LAD,NYY,-,,,2012
116,Zack Greinke,SP,29.1,LAA,LAD,6,147000000,24500000,2013
117,Josh Hamilton,LF,31.5,TEX,LAA,5,125000000,25000000,2013
118,Anibal Sanchez,SP,28.8,DET,DET,5,80000000,16000000,2013
119,Melvin Upton,LF,28.2,TB,ATL,5,72500000,14500000,2013
120,Nick Swisher,OF,32.0,NYY,CLE,4,56000000,14000000,2013
121,Edwin Jackson,SP,29.2,WSH,CHC,4,52000000,13000000,2013
122,Michael Bourn,CF,30.1,ATL,CLE,4,48000000,12000000,2013
123,Angel Pagan,LF,31.4,SF,SF,4,40000000,10000000,2013
124,Shane Victorino,RF,32.0,LAD,BOS,3,39000000,13000000,2013
125,Kyle Lohse,SP,34.4,STL,MIL,3,33000000,11000000,2013
126,David Ortiz,DH,36.9,BOS,BOS,2,29000000,14500000,2013
127,Rafael Soriano,RP,33.0,NYY,WSH,2,28000000,14000000,2013
128,Ryan Dempster,SP,35.6,TEX,BOS,2,26500000,13250000,2013
129,Cody Ross,RF,32.0,BOS,ARI,3,26000000,8666667,2013
130,Torii Hunter,RF,37.2,LAA,DET,2,26000000,13000000,2013
131,Jeremy Guthrie,SP,33.6,KC,KC,3,25000000,8333333,2013
132,Adam LaRoche,DH,33.2,WSH,WSH,2,24000000,12000000,2013
133,Jonathan Broxton,RP,28.4,CIN,CIN,3,21000000,7000000,2013
134,Marco Scutaro,2B,37.1,SF,SF,3,20000000,6666667,2013
135,Jeremy Affeldt,RP,33.4,SF,SF,3,18000000,6000000,2013
136,Russell Martin,C,29.8,NYY,PIT,2,17000000,8500000,2013
137,Melky Cabrera,LF,28.2,SF,TOR,2,16000000,8000000,2013
138,Brandon McCarthy,SP,29.4,OAK,ARI,2,15500000,7750000,2013
139,Ryan Ludwick,LF,34.3,CIN,CIN,2,15000000,7500000,2013
140,Joe Blanton,RP,31.9,LAD,LAA,2,15000000,7500000,2013
141,Hiroki Kuroda,SP,37.8,NYY,NYY,1,15000000,15000000,2013
142,Hisashi Iwakuma,SP,31.5,SEA,SEA,2,14000000,7000000,2013
143,Ichiro Suzuki,LF,39.1,NYY,NYY,2,13000000,6500000,2013
144,Dan Haren,SP,32.2,LAA,WSH,1,13000000,13000000,2013
145,Mike Adams,RP,34.3,TEX,PHI,2,12000000,6000000,2013
146,Kevin Youkilis,3B,33.7,CHW,NYY,1,12000000,12000000,2013
147,Jeff Keppinger,3B,32.6,TB,CHW,3,12000000,4000000,2013
148,Andy Pettitte,SP,40.4,NYY,NYY,1,12000000,12000000,2013
149,Lance Berkman,DH,36.8,STL,TEX,1,11000000,11000000,2013
150,Carlos Villanueva,RP,29.0,TOR,TOR,2,10000000,5000000,2013
151,Kevin Correia,SP,32.2,PIT,MIN,2,10000000,5000000,2013
152,Mariano Rivera,RP,43.0,NYY,NYY,1,10000000,10000000,2013
153,Jonny Gomes,LF,32.0,OAK,BOS,2,10000000,5000000,2013
154,Maicer Izturis,2B,32.1,LAA,TOR,3,10000000,3333333,2013
155,Stephen Drew,2B,29.8,OAK,BOS,1,9500000,9500000,2013
156,Rod Barajas,C,37.4,PIT,ARI,1,8000000,8000000,2013
157,Sean Burnett,RP,30.2,WSH,LAA,2,8000000,4000000,2013
158,Joakim Soria,RP,28.5,KC,TEX,2,8000000,4000000,2013
159,A.J. Pierzynski,C,35.9,CHW,TEX,1,7500000,7500000,2013
160,Randy Choate,RP,37.2,LAD,STL,3,7500000,2500000,2013
161,Brett Myers,SP,32.3,CHW,CLE,1,7000000,7000000,2013
162,Jason Grilli,RP,36.0,PIT,PIT,2,6750000,3375000,2013
163,Joe Saunders,SP,31.5,BAL,SEA,1,6500000,6500000,2013
164,David Ross,C,35.6,ATL,BOS,2,6200000,3100000,2013
165,Scott Feldman,SP,29.8,TEX,CHC,1,6000000,6000000,2013
166,Joel Peralta,RP,36.6,TB,TB,2,6000000,3000000,2013
167,Tom Gorzelanny,RP,30.4,WSH,MIL,2,5700000,2850000,2013
168,Scott Baker,SP,31.1,MIN,CHC,1,5500000,5500000,2013
169,Scott Hairston,RF,32.6,NYM,CHC,2,5000000,2500000,2013
170,Mike Napoli,1B,31.2,TEX,BOS,1,5000000,5000000,2013
171,Ty Wigginton,3B,35.2,PHI,STL,2,5000000,2500000,2013
172,Koji Uehara,RP,37.7,TEX,BOS,1,4250000,4250000,2013
173,Shaun Marcum,SP,31.1,MIL,NYM,1,4000000,4000000,2013
174,Mike Pelfrey,RP,28.9,NYM,MIN,1,4000000,4000000,2013
175,Jack Hannahan,1B,32.8,CLE,CIN,2,4000000,2000000,2013
176,Ryan Madson,RP,32.2,CIN,LAA,1,3500000,3500000,2013
177,Roberto Hernandez,RP,32.2,CLE,TB,1,3250000,3250000,2013
178,Eric Chavez,3B,34.9,NYY,ARI,1,3000000,3000000,2013
179,Jason Marquis,SP,34.2,SD,SD,1,3000000,3000000,2013
180,Gerald Laird,C,33.0,DET,ATL,2,3000000,1500000,2013
181,Bartolo Colon,SP,39.4,OAK,OAK,1,3000000,3000000,2013
182,Carlos Pena,1B,34.6,TB,HOU,1,2900000,2900000,2013
183,J.P. Howell,RP,29.7,TB,LAD,1,2850000,2850000,2013
184,Matt Lindstrom,RP,32.9,ARI,CHW,1,2800000,2800000,2013
185,Luke Scott,DH,34.6,TB,TB,1,2750000,2750000,2013
186,Raul Ibanez,DH,40.5,NYY,SEA,1,2750000,2750000,2013
187,Placido Polanco,3B,37.2,PHI,MIA,1,2750000,2750000,2013
188,Geovany Soto,C,29.8,TEX,TEX,1,2750000,2750000,2013
189,Jeff Karstens,SP,30.2,PIT,PIT,1,2500000,2500000,2013
190,John Lannan,RP,28.2,WSH,PHI,1,2500000,2500000,2013
191,Kelly Johnson,2B,30.9,TOR,TB,1,2450000,2450000,2013
192,Roy Oswalt,SP,35.7,TEX,COL,1,2300000,2300000,2013
193,Mike Gonzalez,RP,34.6,WSH,MIL,1,2250000,2250000,2013
194,Nate Schierholtz,RF,28.8,PHI,CHC,1,2250000,2250000,2013
195,Chris Young,RP,33.7,NYM,WSH,1,2000000,2000000,2013
196,Travis Hafner,DH,35.6,CLE,NYY,1,2000000,2000000,2013
197,Andres Torres,CF,34.8,NYM,SF,1,2000000,2000000,2013
198,Nate McLouth,LF,31.1,BAL,BAL,1,2000000,2000000,2013
199,James Loney,1B,28.5,BOS,TB,1,2000000,2000000,2013
200,Jose Veras,RP,32.1,MIL,HOU,1,1850000,1850000,2013
201,Jeff Baker,1B,31.6,ATL,TEX,1,1750000,1750000,2013
202,Reed Johnson,LF,35.9,ATL,ATL,1,1750000,1750000,2013
203,Dioner Navarro,C,28.8,CIN,CHC,1,1750000,1750000,2013
204,Robert Andino,CF,28.6,SEA,SEA,1,1600000,1600000,2013
205,Mark Lowe,RP,29.8,LAD,LAA,1,1500000,1500000,2013
206,Daisuke Matsuzaka,SP,32.3,BOS,CLE,1,1500000,1500000,2013
207,Kelly Shoppach,C,32.8,NYM,SEA,1,1500000,1500000,2013
208,Chris Volstad,RP,26.2,KC,COL,1,1500000,1500000,2013
209,Jason Frasor,RP,35.3,TOR,TEX,1,1500000,1500000,2013
210,Jeff Francis,SP,31.8,COL,COL,1,1500000,1500000,2013
211,Alex Gonzalez,SS,35.9,MIL,MIL,1,1450000,1450000,2013
212,Jonathan Sanchez,SP,30.2,COL,PIT,1,1375000,1375000,2013
213,Eric Hinske,1B,35.2,ATL,ARI,1,1350000,1350000,2013
214,Shawn Camp,RP,37.0,CHC,CHC,1,1350000,1350000,2013
215,Derek Lowe,SP,39.8,NYY,TEX,1,1250000,1250000,2013
216,Brandon Inge,3B,35.7,OAK,PIT,1,1250000,1250000,2013
217,Lyle Overbay,1B,36.0,ATL,BOS,1,1250000,1250000,2013
218,Kyle Farnsworth,RP,36.8,TB,TB,1,1250000,1250000,2013
219,Matt Diaz,LF,34.8,ATL,NYY,1,1200000,1200000,2013
220,Ronny Cedeno,SS,29.9,NYM,STL,1,1150000,1150000,2013
221,Chad Qualls,RP,34.4,PIT,MIA,1,1150000,1150000,2013
222,Erik Bedard,SP,33.8,PIT,HOU,1,1150000,1150000,2013
223,Chad Durbin,RP,35.1,ATL,PHI,1,1100000,1100000,2013
224,Miguel Tejada,2B,38.6,BAL,KC,1,1100000,1100000,2013
225,Kameron Loe,RP,31.4,MIL,SEA,1,1050000,1050000,2013
226,Brian Wilson,RP,31.3,SF,LAD,1,1000000,1000000,2013
227,Rich Hill,SP,32.8,BOS,CLE,1,1000000,1000000,2013
228,Jon Rauch,RP,6.6,NYM,MIA,1,1000000,1000000,2013
229,Manny Parra,RP,30.2,MIL,CIN,1,1000000,1000000,2013
230,LaTroy Hawkins,RP,40.1,LAA,NYM,1,1000000,1000000,2013
231,Ryan Raburn,LF,31.8,DET,CLE,1,1000000,1000000,2013
232,Rich Harden,SP,31.0,OAK,MIN,1,1000000,1000000,2013
233,Jason Bay,RF,34.2,NYM,SEA,1,1000000,1000000,2013
234,Yuniesky Betancourt,1B,31.1,PHI,MIL,1,900000,900000,2013
235,Jamey Wright,RP,38.0,LAD,TB,1,900000,900000,2013
236,Don Kelly,CF,32.9,DET,DET,1,900000,900000,2013
237,Brayan Pena,C,30.9,KC,DET,1,875000,875000,2013
238,Cesar Izturis,SS,32.9,WSH,CIN,1,800000,800000,2013
239,Wil Nieves,C,35.2,ARI,ARI,1,800000,800000,2013
240,Jason Giambi,DH,42.1,COL,CLE,1,750000,750000,2013
241,Brandon Lyon,RP,33.4,TOR,NYM,1,750000,750000,2013
242,Kevin Slowey,RP,28.7,CLE,MIA,1,750000,750000,2013
243,Delmon Young,LF,27.3,DET,PHI,1,750000,750000,2013
244,Mark Derosa,3B,37.8,WSH,TOR,1,750000,750000,2013
245,Chad Gaudin,SP,29.7,MIA,SF,1,750000,750000,2013
246,Casey Kotchman,1B,29.9,CLE,MIA,1,700000,700000,2013
247,Marlon Byrd,LF,35.4,BOS,NYM,1,700000,700000,2013
248,Scott Atchison,RP,36.8,BOS,NYM,1,700000,700000,2013
249,Austin Kearns,LF,32.6,MIA,MIA,1,700000,700000,2013
250,John Maine,SP,31.6,BOS,MIA,1,625000,625000,2013
251,Cody Ransom,3B,36.8,ARI,SD,1,550000,550000,2013
252,Eric Fryer,C,27.2,PIT,MIN,1,515000,515000,2013
253,Jon Garland,SP,33.4,SEA,COL,1,500000,500000,2013
254,Bill Hall,3B,33.1,BAL,LAA,1,500000,500000,2013
255,Juan Carlos Oviedo,RP,30.8,MIA,TB,1,490000,490000,2013
256,Mark Reynolds,3B,30.0,CLE,NYY,1,,,2013
257,Jeff Francoeur,LF,29.5,KC,SF,1,,,2013
258,Zach Duke,RP,30.1,WSH,CIN,1,,,2013
259,Henry Blanco,C,41.8,TOR,SEA,1,,,2013
260,Chien-Ming Wang,RP,33.2,NYY,TOR,1,,,2013
261,Carlos Zambrano,SP,31.9,MIA,PHI,1,,,2013
262,Rick Ankiel,CF,33.8,HOU,NYM,1,,,2013
263,Francisco Rodriguez,RP,31.2,MIL,MIL,1,,,2013
264,Freddy Garcia,SP,36.4,SD,BAL,1,,,2013
265,Aaron Cook,SP,34.1,PHI,COL,1,,,2013
266,Endy Chavez,LF,35.1,BAL,SEA,1,,,2013
267,J.C. Romero,RP,36.8,BAL,WSH,1,,,2013
268,Wilson Valdez,2B,34.8,SF,MIA,-,,,2013
269,Jose Contreras,SP,41.2,PHI,PIT,1,,,2013
270,Jack Cust,DH,34.1,TOR,TB,1,,,2013
271,Rafael Perez,RP,30.7,CLE,MIN,1,,,2013
272,Hideki Okajima,RP,37.1,NYY,OAK,1,,,2013
273,Clay Hensley,RP,33.4,SF,CIN,1,,,2013
274,Chone Figgins,3B,35.0,SEA,MIA,1,,,2013
275,Micah Owings,SP,30.3,SD,WSH,1,,,2013
276,George Sherrill,RP,35.8,SEA,KC,1,,,2013
277,Corey Patterson,RF,33.4,MIL,NYM,1,,,2013
278,Jeremy Hermida,RF,29.0,SD,CLE,1,,,2013
279,Ramon Ramirez,RP,31.4,NYM,SF,1,,,2013
280,Joel Pineiro,SP,34.3,BAL,BAL,1,,,2013
281,Chris Snyder,C,31.9,HOU,WSH,1,,,2013
282,Jose Valverde,RP,34.8,DET,MIA,1,,,2013
283,Miguel Olivo,C,34.5,SEA,CIN,1,,,2013
284,Matt Capps,RP,29.3,MIN,CLE,1,,,2013
285,Ryan Garko,1B,32.0,TB,COL,1,,,2013
286,Dan Johnson,1B,33.4,CHW,NYY,1,,,2013
287,Ronny Paulino,C,31.8,BAL,SEA,1,,,2013
288,Matt Downs,3B,28.8,HOU,MIA,1,,,2013
289,Joe Mather,CF,30.4,CHC,PHI,1,,,2013
290,Miguel Batista,SP,41.9,ATL,COL,1,,,2013
291,Brad Hawpe,RF,33.5,TEX,PIT,1,,,2013
292,Peter Moylan,RP,34.1,ATL,LAD,1,,,2013
293,Jesus Flores,C,28.2,WSH,LAD,1,,,2013
294,Kyle McClellan,RP,28.6,STL,TEX,1,,,2013
295,Ross Ohlendorf,RP,30.4,SD,WSH,1,,,2013
296,Alfredo Amezaga,CF,34.9,CHC,LAD,1,,,2013
297,Dontrelle Willis,SP,30.9,BAL,CHC,1,,,2013
298,Andrew Brown,LF,28.2,COL,NYM,1,,,2013
299,Jim Hoey,RP,29.9,TOR,MIL,1,,,2013
300,Dave Bush,SP,33.1,PHI,TOR,1,,,2013
301,Yoshinori Tateyama,RP,36.9,TEX,TEX,1,,,2013
302,Derrick Robinson,CF,25.2,KC,CIN,1,,,2013
303,Daniel Schlereth,RP,26.6,DET,BAL,1,,,2013
304,Joe Martinez,RP,29.8,ARI,CLE,1,,,2013
305,Ryan Langerhans,LF,32.8,LAA,TOR,1,,,2013
306,J.R. Towles,C,28.8,MIN,STL,1,,,2013
307,Luis Rodriguez,SS,32.4,SEA,LAA,1,,,2013
308,Xavier Nady,1B,34.1,SF,KC,1,,,2013
309,Brandon Snyder,3B,26.0,TEX,TEX,1,,,2013
310,Juan Oramas,RP,22.5,SD,SD,1,,,2013
311,Zach Phillips,RP,26.2,BAL,MIA,1,,,2013
312,Jake Brigham,RP,24.8,TEX,TEX,1,,,2013
313,Jason Bourgeois,LF,30.9,KC,TB,1,,,2013
314,Anthony Carter,RP,26.7,CHW,BOS,1,,,2013
315,Bill Bray,RP,29.4,CIN,WSH,1,,,2013
316,Mike Zagurski,RP,29.8,ARI,PIT,1,,,2013
317,Denis Phipps,LF,27.3,CIN,CIN,1,,,2013
318,Lester Oliveros,RP,24.5,MIN,MIN,1,,,2013
319,Scott Moore,3B,29.0,HOU,OAK,1,,,2013
320,Collin Balester,RP,26.4,DET,TEX,1,,,2013
321,Tim Byrdak,RP,39.0,NYM,NYM,1,,,2013
322,Jeff Clement,1B,29.2,PIT,MIN,1,,,2013
323,Juan Abreu,RP,27.6,TOR,LAD,1,,,2013
324,Kila Ka'aihue,1B,28.6,OAK,ARI,1,,,2013
325,J.C. Boscan,C,32.8,ATL,CHC,1,,,2013
326,Brian Bogusevic,RF,28.8,HOU,CHC,1,,,2013
327,Fernando Abad,RP,26.9,HOU,WSH,1,,,2013
328,Jose Valdez,RP,29.8,HOU,HOU,1,,,2013
329,Sergio Escalona,RP,28.2,HOU,HOU,1,,,2013
330,Justin Christian,CF,32.6,SF,STL,1,,,2013
331,Will Rhymes,2B,29.6,TB,WSH,1,,,2013
332,Steve Tolleson,SS,29.0,BAL,CHW,1,,,2013
333,Emmanuel Burriss,SS,27.8,SF,CIN,1,,,2013
334,Mike Hessman,3B,34.7,HOU,CIN,1,,,2013
335,Luke Carlin,C,31.8,CLE,LAA,1,,,2013
336,Brandon Wood,SS,27.7,COL,KC,1,,,2013
337,Rob Johnson,C,39.6,NYM,STL,1,,,2013
338,Ramon Troncoso,RP,29.7,LAD,CHW,1,,,2013
339,Bryan Anderson,C,25.8,STL,CHW,1,,,2013
340,Michael Nickeas,C,29.7,NYM,NYM,1,,,2013
341,Robinson Cano,2B,31.1,NYY,SEA,10,240000000,24000000,2014
342,Jacoby Ellsbury,CF,30.2,BOS,NYY,7,153000000,21857143,2014
343,Shin-Soo Choo,DH,31.4,CIN,TEX,7,130000000,18571429,2014
344,Brian McCann,C,29.8,ATL,NYY,5,85000000,17000000,2014
345,Curtis Granderson,LF,32.7,NYY,NYM,4,60000000,15000000,2014
346,Jhonny Peralta,3B,31.4,DET,STL,4,53000000,13250000,2014
347,Matt Garza,SP,30.2,TEX,MIL,4,50000000,12500000,2014
348,Ricky Nolasco,SP,30.9,LAD,MIN,4,49000000,12250000,2014
349,Carlos Beltran,DH,36.6,STL,NYY,3,45000000,15000000,2014
350,Mike Napoli,1B,32.1,BOS,BOS,2,32000000,16000000,2014
351,Jason Vargas,SP,30.8,LAA,KC,4,32000000,8000000,2014
352,Omar Infante,2B,31.9,DET,KC,4,30250000,7562500,2014
353,Scott Feldman,SP,30.8,BAL,HOU,3,30000000,10000000,2014
354,Carlos Ruiz,C,34.8,PHI,PHI,3,26000000,8666667,2014
355,Phil Hughes,RP,27.4,NYY,MIN,3,24000000,8000000,2014
356,Bronson Arroyo,SP,36.9,CIN,ARI,2,23500000,11750000,2014
357,Tim Hudson,SP,38.3,ATL,SF,2,23000000,11500000,2014
358,Scott Kazmir,SP,29.8,CLE,OAK,2,22000000,11000000,2014
359,James Loney,1B,29.6,TB,TB,3,21000000,7000000,2014
360,Jarrod Saltalamacchia,C,28.8,BOS,MIA,3,21000000,7000000,2014
361,Bartolo Colon,SP,40.5,OAK,NYM,2,20000000,10000000,2014
362,Joe Nathan,RP,39.0,TEX,DET,2,20000000,10000000,2014
363,Brian Wilson,RP,31.7,LAD,LAD,2,19000000,9500000,2014
364,Boone Logan,RP,29.3,NYY,COL,3,16500000,5500000,2014
365,A.J. Burnett,SP,37.1,PIT,PHI,1,16000000,16000000,2014
366,Hiroki Kuroda,SP,38.8,NYY,NYY,1,16000000,16000000,2014
367,Marlon Byrd,LF,36.2,PIT,PHI,2,16000000,8000000,2014
368,Joe Smith,RP,29.7,CLE,LAA,3,15750000,5250000,2014
369,Joaquin Benoit,RP,36.4,DET,SD,2,15500000,7750000,2014
370,Juan Uribe,3B,34.7,LAD,LAD,2,15000000,7500000,2014
371,Ervin Santana,SP,31.2,KC,ATL,1,14100000,14100000,2014
372,Fernando Rodney,RP,36.8,TB,SEA,2,14000000,7000000,2014
373,Javier Lopez,RP,36.3,SF,SF,3,13000000,4333333,2014
374,Justin Morneau,1B,32.5,PIT,COL,2,12500000,6250000,2014
375,David Murphy,DH,32.1,TEX,CLE,2,12000000,6000000,2014
376,J.P. Howell,RP,30.6,LAD,LAD,2,11250000,5625000,2014
377,Mike Pelfrey,RP,29.9,MIN,MIN,2,11000000,5500000,2014
378,Nate McLouth,LF,32.1,BAL,WSH,2,10750000,5375000,2014
379,Brad Ziegler,RP,34.2,ARI,ARI,2,10500000,5250000,2014
380,Stephen Drew,2B,31.2,BOS,BOS,1,10093443,10093443,2014
381,Rajai Davis,CF,33.1,TOR,DET,2,10000000,5000000,2014
382,Dan Haren,SP,33.2,WSH,LAD,1,10000000,10000000,2014
383,Edward Mujica,RP,29.5,STL,BOS,2,9500000,4750000,2014
384,Johan Santana,SP,34.9,NYM,BAL,1,8050000,8050000,2014
385,Nelson Cruz,DH,33.6,TEX,BAL,1,8000000,8000000,2014
386,Dioner Navarro,C,29.8,CHC,TOR,2,8000000,4000000,2014
387,Josh Johnson,SP,29.8,TOR,SD,1,8000000,8000000,2014
388,Garrett Jones,RF,32.4,PIT,MIA,2,7750000,3875000,2014
389,Kendrys Morales,DH,30.9,SEA,MIN,1,7540983,7540983,2014
390,Chris Young,RF,30.2,OAK,NYM,1,7250000,7250000,2014
391,Eric O'Flaherty,RP,28.9,ATL,OAK,2,7000000,3500000,2014
392,Matt Thornton,RP,37.2,BOS,NYY,2,7000000,3500000,2014
393,Jason Hammel,RP,31.3,BAL,CHC,1,6000000,6000000,2014
394,Mike Morse,LF,31.7,BAL,SF,1,6000000,6000000,2014
395,Corey Hart,RF,31.7,MIL,SEA,1,6000000,6000000,2014
396,Chad Qualls,RP,35.2,MIA,HOU,2,6000000,3000000,2014
397,Willie Bloomquist,2B,36.0,ARI,SEA,2,5800000,2900000,2014
398,Manny Parra,RP,31.0,CIN,CIN,2,5500000,2750000,2014
399,Mark Ellis,2B,36.5,LAD,STL,1,5250000,5250000,2014
400,Edinson Volquez,RP,30.4,LAD,PIT,1,5000000,5000000,2014
401,Ryan Vogelsong,SP,36.3,SF,SF,1,5000000,5000000,2014
402,Skip Schumaker,LF,33.8,LAD,CIN,2,5000000,2500000,2014
403,Ryan Webb,RP,27.8,MIA,BAL,2,4500000,2250000,2014
404,Jose Molina,C,38.4,TB,TB,2,4500000,2250000,2014
405,Oliver Perez,RP,32.5,SEA,ARI,2,4250000,2125000,2014
406,Bruce Chen,RP,36.6,KC,KC,1,4250000,4250000,2014
407,Scott Downs,RP,37.8,ATL,CHW,1,4000000,4000000,2014
408,Gavin Floyd,RP,30.8,CHW,ATL,1,4000000,4000000,2014
409,Jeff Baker,1B,32.6,TEX,MIA,2,3700000,1850000,2014
410,Eric Chavez,3B,36.0,ARI,ARI,1,3500000,3500000,2014
411,Rafael Furcal,SS,36.1,STL,MIA,1,3500000,3500000,2014
412,Francisco Rodriguez,RP,32.1,BAL,MIL,1,3250000,3250000,2014
413,Jesse Crain,RP,32.4,TB,HOU,1,3250000,3250000,2014
414,Ronald Belisario,RP,30.9,LAD,CHW,1,3000000,3000000,2014
415,Kelly Johnson,2B,31.8,TB,NYY,1,3000000,3000000,2014
416,Nick Punto,SS,36.0,LAD,OAK,1,3000000,3000000,2014
417,Kurt Suzuki,C,30.2,OAK,MIN,1,2750000,2750000,2014
418,Raul Ibanez,DH,41.5,SEA,LAA,1,2750000,2750000,2014
419,Andrew Bailey,RP,29.7,BOS,NYY,1,2500000,2500000,2014
420,Joba Chamberlain,RP,28.2,NYY,DET,1,2500000,2500000,2014
421,Paul Konerko,1B,37.7,CHW,CHW,1,2500000,2500000,2014
422,Matt Albers,RP,30.8,CLE,HOU,1,2450000,2450000,2014
423,Brayan Pena,C,31.8,DET,CIN,2,2275000,1137500,2014
424,Chris Capuano,RP,35.5,LAD,BOS,1,2250000,2250000,2014
425,LaTroy Hawkins,RP,40.8,NYM,COL,1,2250000,2250000,2014
426,Jerome Williams,RP,32.2,LAA,HOU,1,2100000,2100000,2014
427,Mark Reynolds,3B,30.4,NYY,MIL,1,2000000,2000000,2014
428,Jason Kubel,LF,31.5,CLE,MIN,1,2000000,2000000,2014
429,Colby Lewis,SP,34.2,TEX,TEX,1,2000000,2000000,2014
430,Jamey Wright,RP,38.9,TB,LAD,1,1800000,1800000,2014
431,J.P. Arencibia,1B,27.9,TOR,TEX,1,1800000,1800000,2014
432,Felipe Paulino,SP,30.2,KC,CHW,1,1750000,1750000,2014
433,Joe Saunders,SP,32.6,SEA,TEX,1,1500000,1500000,2014
434,Mike Gonzalez,RP,35.8,MIL,WSH,1,1500000,1500000,2014
435,Paul Maholm,RP,31.6,ATL,LAD,1,1500000,1500000,2014
436,Daisuke Matsuzaka,SP,33.3,NYM,NYM,1,1500000,1500000,2014
437,Lyle Overbay,1B,36.9,NYY,MIL,1,1500000,1500000,2014
438,John Lannan,RP,29.2,PHI,NYM,1,1500000,1500000,2014
439,Juan Carlos Oviedo,RP,31.7,TB,TB,1,1500000,1500000,2014
440,Wesley Wright,RP,28.8,TB,CHC,1,1425000,1425000,2014
441,Kevin Gregg,RP,35.9,CHC,MIA,1,1286387,1286387,2014
442,Carlos Marmol,RP,31.2,LAD,MIA,1,1250000,1250000,2014
443,Freddy Garcia,SP,37.2,ATL,ATL,1,1250000,1250000,2014
444,Chien-Ming Wang,RP,33.7,TOR,CIN,1,1250000,1250000,2014
445,Alfredo Aceves,RP,32.1,BOS,BAL,1,1200000,1200000,2014
446,Erik Bedard,SP,34.9,HOU,TB,1,1150000,1150000,2014
447,Wil Nieves,C,36.2,ARI,PHI,1,1125000,1125000,2014
448,Ramon Santiago,2B,34.3,DET,CIN,1,1100000,1100000,2014
449,Randy Wolf,SP,37.7,SEA,NYM,1,1000000,1000000,2014
450,Joel Hanrahan,RP,32.5,BOS,DET,1,1000000,1000000,2014
451,Tyler Colvin,RP,28.4,COL,SF,1,1000000,1000000,2014
452,Aaron Harang,SP,35.8,NYM,CLE,1,1000000,1000000,2014
453,Jose Valverde,RP,35.8,DET,NYM,1,1000000,1000000,2014
454,Luis Ayala,RP,36.0,ATL,WSH,1,1000000,1000000,2014
455,Pat Neshek,RP,33.4,OAK,STL,1,1000000,1000000,2014
456,Justin Turner,3B,29.2,NYM,LAD,1,1000000,1000000,2014
457,Reed Johnson,LF,37.1,ATL,MIA,1,1000000,1000000,2014
458,Matt Guerrier,RP,35.4,CHC,MIN,1,1000000,1000000,2014
459,Scott Baker,SP,32.3,CHC,SEA,1,1000000,1000000,2014
460,Carlos Pena,1B,35.7,KC,LAA,1,1000000,1000000,2014
461,Jose Mijares,RP,29.2,SF,BOS,1,1000000,1000000,2014
462,Delmon Young,LF,28.2,TB,BAL,1,1000000,1000000,2014
463,Franklin Gutierrez,CF,30.8,SEA,SEA,1,1000000,1000000,2014
464,Shaun Marcum,SP,32.0,NYM,CLE,1,1000000,1000000,2014
465,Yorbit Torrealba,C,35.5,COL,LAA,1,950000,950000,2014
466,Elliot Johnson,2B,29.8,ATL,CLE,1,930000,930000,2014
467,Jeff Francoeur,LF,30.2,CLE,SD,1,925000,925000,2014
468,Kevin Frandsen,3B,31.8,PHI,WSH,1,900000,900000,2014
469,Chone Figgins,3B,36.0,MIA,LAD,1,900000,900000,2014
470,John Baker,C,33.0,LAD,CHC,1,875000,875000,2014
471,John McDonald,SS,39.2,BOS,LAA,1,850000,850000,2014
472,Zach Duke,RP,30.7,CIN,MIL,1,850000,850000,2014
473,J.C. Gutiérrez,RP,30.5,LAA,SF,1,850000,850000,2014
474,Rich Hill,SP,33.8,CLE,BOS,1,840000,840000,2014
475,Sam Fuld,CF,32.2,TB,OAK,1,800000,800000,2014
476,Brennan Boesch,RF,28.8,NYY,LAA,1,800000,800000,2014
477,Omar Quintanilla,SS,32.2,NYM,NYM,1,800000,800000,2014
478,Chris Coghlan,LF,28.5,MIA,CHC,1,800000,800000,2014
479,Scott Atchison,RP,37.8,NYM,CLE,1,800000,800000,2014
480,Xavier Nady,1B,35.1,COL,SD,1,775000,775000,2014
481,Grady Sizemore,RF,31.4,CLE,BOS,1,750000,750000,2014
482,Chad Gaudin,SP,30.8,SF,PHI,1,750000,750000,2014
483,Adam Rosales,2B,30.4,OAK,TEX,1,750000,750000,2014
484,Taylor Teagarden,C,30.0,BAL,NYM,1,725000,725000,2014
485,Daniel Hudson,RP,26.8,ARI,ARI,1,700000,700000,2014
486,Mike Baxter,LF,28.9,NYM,LAD,1,700000,700000,2014
487,Ryan Kalish,LF,25.8,BOS,CHC,1,550000,550000,2014
488,Francisco Peguero,RF,25.5,SF,BAL,1,550000,550000,2014
489,A.J. Pierzynski,C,37.5,BOS,STL,1,500000,500000,2014
490,Tony Sipp,RP,30.5,ARI,SD,1,500000,500000,2014
491,Zach Putnam,RP,26.5,CHC,CHW,1,500000,500000,2014
492,Dylan Axelrod,RP,28.4,CHW,CHW,1,500000,500000,2014
493,Jim Johnson,RP,31.1,OAK,DET,1,,,2014
494,Clayton Richard,RP,30.8,SD,ARI,-,,,2014
495,John Buck,C,34.0,SEA,LAA,1,,,2014
496,Jose Veras,RP,33.6,CHC,HOU,1,,,2014
497,Andres Torres,CF,36.3,SF,BOS,1,,,2014
498,Miguel Tejada,2B,39.9,KC,MIA,1,,,2014
499,Kyle Farnsworth,RP,38.1,NYM,HOU,1,,,2014
500,Heath Bell,RP,36.6,TB,BAL,1,,,2014
501,Rafael Betancourt,RP,38.9,COL,COL,1,,,2014
502,Jeremy Jeffress,RP,26.5,TOR,MIL,1,,,2014
503,Frank Francisco,RP,34.6,NYM,CHW,1,,,2014
504,Tommy Hanson,SP,27.6,TEX,CHW,1,,,2014
505,Bobby Abreu,LF,40.0,PHI,NYM,1,,,2014
506,Joe Blanton,RP,33.2,LAA,OAK,1,,,2014
507,Endy Chavez,LF,36.1,SEA,SEA,1,,,2014
508,David Aardsma,RP,32.2,CLE,STL,1,,,2014
509,Rob Johnson,C,40.8,STL,SD,1,,,2014
510,Koyie Hill,C,34.8,MIA,WSH,1,,,2014
511,Chang-yong Lim,RP,37.6,CHC,CHC,1,,,2014
512,Daniel Bard,RP,28.6,CHC,TEX,1,,,2014
513,Nick Massett,RP,31.7,CIN,COL,1,,,2014
514,Wilson Betemit,3B,32.2,BAL,TB,1,,,2014
515,Manny Corpas,RP,31.1,COL,COL,1,,,2014
516,Chad Tracy,1B,33.7,WSH,BAL,1,,,2014
517,Jeremy Hermida,RF,29.9,CLE,MIL,1,,,2014
518,Ryan Roberts,2B,33.3,TB,CHC,1,,,2014
519,Aaron Cunningham,LF,27.8,TEX,CHC,1,,,2014
520,Chris Valaika,2B,28.4,MIA,CHC,1,,,2014
521,Eli Whiteside,C,34.2,TEX,CHC,1,,,2014
522,Mike Fontenot,2B,33.6,TB,WSH,1,,,2014
523,Ty Wigginton,3B,36.2,STL,MIA,1,,,2014
524,Mark Rogers,RP,27.9,MIL,SEA,1,,,2014
525,Shelley Duncan,LF,34.2,TB,ARI,1,,,2014
526,Lars Anderson,1B,26.2,TOR,CHC,1,,,2014
527,Scott Cousins,RF,29.0,LAA,BOS,1,,,2014
528,Jon Rauch,RP,5.7,BAL,KC,1,,,2014
529,Aaron Laffey,RP,28.8,LAD,BAL,1,,,2014
530,Chris Getz,2B,30.3,KC,TOR,1,,,2014
531,Ronny Cedeno,SS,30.9,SD,PHI,1,,,2014
532,Brian Omogrosso,RP,29.7,CHW,CHW,1,,,2014
533,Kameron Loe,RP,32.3,ATL,SF,1,,,2014
534,Jeff Francis,SP,33.0,COL,CIN,1,,,2014
535,Sandy Rosario,RP,28.3,SF,SF,1,,,2014
536,Cesar Izturis,SS,33.9,CIN,HOU,1,,,2014
537,Scott Sizemore,2B,29.0,OAK,NYY,1,,,2014
538,Zach Braddock,RP,26.3,BAL,SD,1,,,2014
539,Robert Coello,RP,29.1,LAA,NYY,1,,,2014
540,Jamey Carroll,2B,39.8,KC,WSH,1,,,2014
541,Xavier Paul,LF,28.8,CIN,BAL,1,,,2014
542,Chris Snyder,C,32.8,BAL,WSH,1,,,2014
543,Tsuyoshi Wada,SP,32.8,BAL,CHC,1,,,2014
544,Jordany Valdespin,2B,25.9,NYM,MIA,1,,,2014
545,Jonathan Sanchez,SP,31.1,PIT,CHC,1,,,2014
546,Lou Marson,C,27.4,CLE,PHI,1,,,2014
547,Josh Bell,3B,27.1,ARI,LAD,1,,,2014
548,Tyler Cloyd,RP,26.5,CLE,CLE,1,,,2014
549,Matt Carson,LF,32.4,CLE,CLE,1,,,2014
550,Henry Blanco,C,42.2,SEA,ARI,1,,,2014
551,Brent Lillibridge,LF,30.2,NYY,TEX,1,,,2014
552,Yunesky Maya,RP,32.2,WSH,ATL,1,,,2014
553,Jairo Asencio,RP,30.5,BAL,CHW,1,,,2014
554,Wade LeBlanc,SP,29.2,HOU,LAA,1,,,2014
555,J.C. Boscan,C,33.8,CHC,LAD,1,,,2014
556,Max Scherzer,SP,30.4,DET,WSH,7,210000000,30000000,2015
557,Jon Lester,SP,30.9,OAK,CHC,6,155000000,25833333,2015
558,Pablo Sandoval,3B,28.2,SF,BOS,5,95000000,19000000,2015
559,Hanley Ramirez,1B,30.9,LAD,BOS,4,88000000,22000000,2015
560,Russell Martin,C,31.8,PIT,TOR,5,82000000,16400000,2015
561,James Shields,SP,33.1,KC,SD,4,75000000,18750000,2015
562,Nelson Cruz,DH,34.4,BAL,SEA,4,57000000,14250000,2015
563,Ervin Santana,SP,31.9,ATL,MIN,4,55000000,13750000,2015
564,Chase Headley,3B,30.6,NYY,NYY,4,52000000,13000000,2015
565,Brandon McCarthy,SP,31.4,NYY,LAD,4,48000000,12000000,2015
566,David Robertson,RP,29.7,NYY,CHW,4,46000000,11500000,2015
567,Nick Markakis,RF,31.0,BAL,ATL,4,44000000,11000000,2015
568,Melky Cabrera,LF,30.3,TOR,CHW,3,42000000,14000000,2015
569,Francisco Liriano,RP,31.1,PIT,PIT,3,39000000,13000000,2015
570,Andrew Miller,RP,29.5,BAL,NYY,4,36000000,9000000,2015
571,Billy Butler,DH,28.6,KC,OAK,3,30000000,10000000,2015
572,Adam LaRoche,DH,35.0,WSH,CHW,2,25000000,12500000,2015
573,Jake Peavy,RP,33.5,SF,SF,2,24000000,12000000,2015
574,Jed Lowrie,2B,30.6,OAK,HOU,3,23000000,7666667,2015
575,Edinson Volquez,RP,31.4,PIT,KC,2,20000000,10000000,2015
576,Jason Hammel,RP,32.2,OAK,CHC,2,20000000,10000000,2015
577,Luke Gregerson,RP,30.5,OAK,HOU,3,18500000,6166667,2015
578,Kendrys Morales,DH,31.4,SEA,KC,2,17000000,8500000,2015
579,Mike Morse,LF,32.7,SF,MIA,2,16000000,8000000,2015
580,Sergio Romo,RP,31.8,SF,SF,2,15000000,7500000,2015
581,Zach Duke,RP,31.5,MIL,CHW,3,15000000,5000000,2015
582,Francisco Rodriguez,RP,33.1,MIL,MIL,2,13000000,6500000,2015
583,Pat Neshek,RP,34.2,STL,HOU,2,12500000,6250000,2015
584,Alex Rios,RF,33.8,TEX,KC,1,11000000,11000000,2015
585,Torii Hunter,RF,39.3,DET,MIN,1,10500000,10500000,2015
586,Brett Anderson,SP,26.8,COL,LAD,1,10000000,10000000,2015
587,Luke Hochevar,RP,31.2,KC,KC,2,10000000,5000000,2015
588,Kris Medlen,SP,29.2,ATL,KC,2,8500000,4250000,2015
589,A.J. Burnett,SP,37.8,PHI,PIT,1,8500000,8500000,2015
590,Colby Rasmus,LF,28.4,TOR,HOU,1,8000000,8000000,2015
591,Jason Grilli,RP,38.1,LAA,ATL,2,8000000,4000000,2015
592,Asdrubal Cabrera,2B,29.1,WSH,TB,1,7500000,7500000,2015
593,Kevin Correia,SP,34.8,SF,PHI,1,6500000,6500000,2015
594,Nick Hundley,C,31.2,BAL,COL,2,6250000,3125000,2015
595,Kyle Kendrick,SP,30.4,PHI,COL,1,5500000,5500000,2015
596,Casey Janssen,RP,33.3,TOR,WSH,1,5000000,5000000,2015
597,Stephen Drew,2B,31.8,NYY,NYY,1,5000000,5000000,2015
598,Aaron Harang,SP,36.6,ATL,PHI,1,5000000,5000000,2015
599,David Ross,C,37.8,BOS,CHC,2,5000000,2500000,2015
600,Chris Capuano,RP,36.2,NYY,NYY,1,5000000,5000000,2015
601,Jason Motte,RP,32.4,STL,CHC,1,4500000,4500000,2015
602,Jonny Gomes,LF,34.2,OAK,ATL,1,4000000,4000000,2015
603,Ryan Vogelsong,SP,37.5,SF,SF,1,4000000,4000000,2015
604,Emilio Bonifacio,CF,29.7,ATL,CHW,1,4000000,4000000,2015
605,Gavin Floyd,RP,31.8,ATL,CLE,1,4000000,4000000,2015
606,Colby Lewis,SP,35.3,TEX,TEX,1,4000000,4000000,2015
607,Daniel Descalso,2B,28.1,STL,COL,2,3600000,1800000,2015
608,Matt Belisle,RP,34.4,COL,STL,1,3500000,3500000,2015
609,Neal Cotts,RP,34.8,TEX,MIL,1,3000000,3000000,2015
610,Alberto Callaspo,3B,31.6,OAK,ATL,1,3000000,3000000,2015
611,Brandon Beachy,SP,28.4,ATL,LAD,1,2750000,2750000,2015
612,Roberto Hernandez,RP,34.4,LAA,HOU,1,2600000,2600000,2015
613,John Axford,RP,31.8,PIT,COL,1,2600000,2600000,2015
614,Chris Denorfia,RF,34.4,SEA,CHC,1,2600000,2600000,2015
615,Johan Santana,SP,35.9,BAL,TOR,1,2500000,2500000,2015
616,Burke Badenhop,RP,31.9,BOS,CIN,1,2500000,2500000,2015
617,Corey Hart,RF,32.7,SEA,PIT,1,2500000,2500000,2015
618,Brandon Morrow,RP,30.3,TOR,SD,1,2500000,2500000,2015
619,Phil Coke,RP,32.6,DET,CHC,1,2250000,2250000,2015
620,Delmon Young,LF,29.2,BAL,BAL,1,2250000,2250000,2015
621,Tim Stauffer,RP,32.5,SD,MIN,1,2200000,2200000,2015
622,Jared Burton,RP,33.7,MIN,NYY,1,2000000,2000000,2015
623,Rickie Weeks,1B,32.3,MIL,SEA,1,2000000,2000000,2015
624,Carlos Villanueva,RP,31.2,CHC,STL,1,2000000,2000000,2015
625,Eric Stults,SP,35.1,SD,ATL,1,2000000,2000000,2015
626,Gordon Beckham,2B,28.3,LAA,CHW,1,2000000,2000000,2015
627,Ichiro Suzuki,LF,41.2,NYY,MIA,1,2000000,2000000,2015
628,A.J. Pierzynski,C,37.9,STL,ATL,1,2000000,2000000,2015
629,Craig Breslow,RP,34.3,BOS,BOS,1,2000000,2000000,2015
630,Mark Reynolds,3B,31.3,MIL,STL,1,2000000,2000000,2015
631,Franklin Morales,RP,29.0,COL,KC,1,1850000,1850000,2015
632,Nate Schierholtz,RF,30.9,WSH,TEX,1,1750000,1750000,2015
633,Ryan Ludwick,LF,36.5,CIN,TEX,1,1750000,1750000,2015
634,Jim Johnson,RP,31.4,DET,ATL,1,1600000,1600000,2015
635,Joe Beimel,RP,37.8,SEA,TEX,1,1500000,1500000,2015
636,Matt Albers,RP,32.0,HOU,CHW,1,1500000,1500000,2015
637,Kevin Gregg,RP,36.6,MIA,CIN,1,1500000,1500000,2015
638,Chris Perez,RP,29.6,LAD,MIL,1,1500000,1500000,2015
639,Alexi Ogando,RP,31.2,TEX,BOS,1,1500000,1500000,2015
640,Scott Baker,SP,33.3,TEX,NYY,1,1500000,1500000,2015
641,Chad Billingsley,SP,30.5,LAD,PHI,1,1500000,1500000,2015
642,Geovany Soto,C,32.0,OAK,CHW,1,1500000,1500000,2015
643,Kelly Johnson,2B,32.9,BAL,ATL,1,1500000,1500000,2015
644,Clint Barmes,SS,35.7,PIT,SD,1,1500000,1500000,2015
645,John Mayberry Jr.,RF,30.9,TOR,NYM,1,1450000,1450000,2015
646,Don Kelly,CF,34.9,DET,MIA,1,1250000,1250000,2015
647,Ramon Santiago,2B,35.4,CIN,TOR,1,1100000,1100000,2015
648,Joba Chamberlain,RP,29.4,DET,DET,1,1000000,1000000,2015
649,Matt Lindstrom,RP,35.0,CHW,LAA,1,1000000,1000000,2015
650,Jamey Wright,RP,40.1,LAD,TEX,1,1000000,1000000,2015
651,Joe Thatcher,RP,33.3,LAA,HOU,1,1000000,1000000,2015
652,Eric Young Jr.,CF,29.7,NYM,ATL,1,1000000,1000000,2015
653,Gerald Laird,C,35.2,ATL,ARI,1,1000000,1000000,2015
654,Rafael Betancourt,RP,39.8,COL,COL,1,1000000,1000000,2015
655,Nick Massett,RP,32.6,COL,MIA,1,1000000,1000000,2015
656,Josh Johnson,SP,30.9,SD,SD,1,1000000,1000000,2015
657,Tom Gorzelanny,RP,32.4,MIL,DET,1,1000000,1000000,2015
658,Heath Bell,RP,37.2,NYY,WSH,1,1000000,1000000,2015
659,Kyle Blanks,LF,28.2,OAK,TEX,1,1000000,1000000,2015
660,Kyuji Fujikawa,RP,34.3,CHC,TEX,1,1000000,1000000,2015
661,Justin Maxwell,LF,31.0,KC,SF,1,1000000,1000000,2015
662,Justin Smoak,1B,27.9,TOR,TOR,1,1000000,1000000,2015
663,Shaun Marcum,SP,32.9,CLE,CLE,1,1000000,1000000,2015
664,Josh Outman,RP,30.2,NYY,ATL,1,925000,925000,2015
665,Elliot Johnson,2B,30.9,CLE,TEX,1,900000,900000,2015
666,Anthony Swarzak,RP,29.3,MIN,CLE,1,900000,900000,2015
667,Adam Rosales,2B,31.6,TEX,TEX,1,900000,900000,2015
668,Jordan Pacheco,3B,28.8,ARI,ARI,1,900000,900000,2015
669,Jonathan Herrera,SS,30.1,BOS,CHC,1,900000,900000,2015
670,Wil Nieves,C,37.3,PHI,SD,1,850000,850000,2015
671,Jeanmar Gomez,RP,26.9,PIT,PHI,1,800000,800000,2015
672,Scott Downs,RP,38.8,KC,CLE,1,800000,800000,2015
673,Ernesto Frieri,RP,29.3,PIT,TB,1,800000,800000,2015
674,Jayson Nix,2B,32.4,KC,BAL,1,750000,750000,2015
675,Endy Chavez,LF,36.9,SEA,SEA,1,750000,750000,2015
676,Pedro Feliciano,RP,38.4,STL,CHC,1,700000,700000,2015
677,Bobby Wilson,C,31.7,ARI,TB,1,700000,700000,2015
678,Chris Young,RP,35.8,SEA,KC,1,675000,675000,2015
679,Jason Frasor,RP,37.9,KC,ATL,1,575000,575000,2015
680,Shane Robinson,CF,30.1,STL,MIN,1,550000,550000,2015
681,Ross Detwiler,RP,29.3,TEX,ATL,1,507500,507500,2015
682,Dustin McGowan,RP,32.8,TOR,LAD,1,507500,507500,2015
683,Nick Punto,SS,37.1,OAK,ARI,1,507500,507500,2015
684,Jeremy McBryde,RP,27.5,OAK,LAA,1,507500,507500,2015
685,Mat Latos,SP,27.8,LAD,LAA,-,,,2015
686,Trevor Cahill,RP,27.4,ATL,CHC,1,,,2015
687,Wandy Rodriguez,RP,36.5,PIT,KC,-,,,2015
688,Everth Cabrera,SS,28.7,BAL,SF,1,,,2015
689,Casey McGehee,3B,32.7,SF,MIA,-,,,2015
690,Rafael Soriano,RP,35.4,WSH,CHC,1,,,2015
691,Dana Eveland,RP,31.6,BOS,ARI,1,,,2015
692,Jhoulys Chacin,SP,27.2,COL,CLE,1,,,2015
693,Ryan Webb,RP,29.2,LAD,CLE,1,,,2015
694,Troy Patton,RP,29.6,SD,KC,1,,,2015
695,James Russell,RP,29.2,ATL,CHC,1,,,2015
696,Felix Doubront,SP,27.4,CHC,TOR,1,,,2015
697,Jonny Venters,RP,29.9,ATL,TB,2,,,2015
698,Tony Gwynn Jr.,LF,32.3,PHI,WSH,1,,,2015
699,Mike Adams,RP,36.6,PHI,LAD,1,,,2015
700,Dayan Viciedo,RF,25.9,CHW,TOR,1,,,2015
701,Ronny Cedeno,SS,32.0,ARI,SF,1,,,2015
702,Rich Hill,SP,34.9,NYY,WSH,1,,,2015
703,Joe Saunders,SP,33.6,TEX,SEA,1,,,2015
704,Donnie Murphy,3B,31.9,TEX,MIL,1,,,2015
705,Reed Johnson,LF,38.2,MIA,MIA,1,,,2015
706,David Aardsma,RP,33.1,STL,LAD,1,,,2015
707,David Herndon,RP,29.4,NYY,MIL,1,,,2015
708,Matt Capps,RP,31.4,CLE,ATL,1,,,2015
709,Michael Martinez,2B,32.3,PIT,CLE,1,,,2015
710,Jose Veras,RP,34.2,HOU,ATL,1,,,2015
711,Nolan Reimold,LF,31.2,ARI,BAL,1,,,2015
712,Paul Maholm,RP,32.6,LAD,CIN,1,,,2015
713,Alexi Casilla,2B,30.5,BAL,TB,1,,,2015
714,Omar Quintanilla,SS,33.2,NYM,COL,1,,,2015
715,John Baker,C,34.0,CHC,SEA,-,,,2015
716,Chris Parmelee,1B,26.9,MIN,BAL,1,,,2015
717,Ramiro Pena,2B,29.5,ATL,SD,1,,,2015
718,John Buck,C,34.5,LAA,ATL,1,,,2015
719,Franklin Gutierrez,CF,31.9,SEA,SEA,1,,,2015
720,Dane De La Rosa,RP,31.9,LAA,BAL,1,,,2015
721,Vin Mazzaro,RP,28.2,PIT,MIA,1,,,2015
722,Humberto Quintero,C,35.4,SEA,BOS,1,,,2015
723,Scott Carroll,RP,30.2,CHW,CHW,1,,,2015
724,David Carpenter,RP,27.3,LAA,ATL,1,,,2015
725,Shawn O'Malley,LF,27.0,LAA,SEA,1,,,2015
726,Evan Meek,RP,31.7,BAL,WSH,1,,,2015
727,Ben Rowen,RP,26.2,TEX,LAD,1,,,2015
728,Ross Ohlendorf,RP,32.4,WSH,TEX,1,,,2015
729,Josh Prince,CF,26.9,MIL,DET,1,,,2015
730,Francisley Bueno,RP,33.8,KC,CHC,1,,,2015
731,Quintin Berry,LF,30.1,BAL,BOS,1,,,2015
732,Andy Dirks,LF,28.9,TOR,TOR,1,,,2015
733,Ryan Mattheus,RP,31.2,WSH,LAA,1,,,2015
734,Tyler Colvin,RP,29.3,SF,MIA,1,,,2015
735,David Huff,RP,30.3,NYY,LAD,1,,,2015
736,Andy LaRoche,3B,31.3,TOR,CHW,1,,,2015
737,Carlos Peguero,LF,27.8,KC,TEX,1,,,2015
738,Juan Francisco,1B,27.5,BOS,TB,1,,,2015
739,Cesar Cabral,RP,25.9,NYY,BAL,1,,,2015
740,Josh Wilson,2B,33.8,TEX,DET,1,,,2015
741,Taylor Teagarden,C,31.0,NYM,CHC,1,,,2015
742,Scott Elbert,RP,29.4,LAD,SD,1,,,2015
743,J.P. Arencibia,1B,29.0,TEX,BAL,1,,,2015
744,Michael Roth,SP,24.8,LAA,CLE,1,,,2015
745,Juan Carlos Oviedo,RP,32.8,TB,TEX,1,,,2015
746,Jeff Bianchi,2B,28.2,MIL,BOS,1,,,2015
747,Mitchell Boggs,RP,30.8,CHW,BOS,1,,,2015
748,Jeff Manship,RP,29.9,PHI,CLE,1,,,2015
749,Roger Bernadina,LF,30.5,LAD,COL,1,,,2015
750,J.C. Gutiérrez,RP,31.4,SF,SF,1,,,2015
751,Kevin Slowey,RP,30.6,MIA,PHI,1,,,2015
752,Ian Stewart,2B,29.7,LAA,WSH,1,,,2015
753,Brett Wallace,3B,28.2,HOU,SD,1,,,2015
754,Chris McGuiness,1B,26.7,PIT,PHI,1,,,2015
755,George Kottaras,C,31.6,STL,CHW,1,,,2015
756,Mark Lowe,RP,31.5,CLE,SEA,1,,,2015
757,Carlos Rivero,SS,26.5,SEA,SEA,1,,,2015
758,Ryan Kalish,LF,26.7,CHC,TOR,1,,,2015
759,Tommy Field,2B,27.8,PIT,TEX,1,,,2015
760,Dan Johnson,1B,35.3,TOR,HOU,1,,,2015
761,Brad Penny,SP,36.5,MIA,CHW,1,,,2015
762,Daric Barton,1B,29.3,OAK,TOR,1,,,2015
763,Curtis Partch,RP,27.8,CIN,SF,1,,,2015
764,Matt Tuiasosopo,LF,28.6,TOR,BAL,1,,,2015
765,Cole Figueroa,2B,27.4,TB,NYY,1,,,2015
766,Clint Robinson,1B,29.8,LAD,WSH,1,,,2015
767,Yohan Pino,SP,30.9,MIN,LAA,1,,,2015
768,Danny Worth,2B,29.2,DET,ARI,1,,,2015
769,Gus Schlosser,RP,26.1,ATL,ATL,1,,,2015
770,Jerry Sands,LF,27.2,TB,CLE,1,,,2015
771,Chaz Roe,RP,28.2,PIT,BAL,1,,,2015
772,Wilton Lopez,RP,31.3,COL,TOR,1,,,2015
773,Scott Snodgress,SP,25.2,CHW,LAA,1,,,2015
774,Cory Gearrin,RP,28.6,ATL,SF,1,,,2015
775,Buddy Boshers,RP,26.5,LAA,COL,1,,,2015
776,Clayton Richard,RP,31.2,ARI,PIT,1,,,2015
777,Kraig Sitton,RP,26.3,COL,COL,1,,,2015
778,Ezequiel Carrera,LF,27.4,DET,TOR,1,,,2015
779,Michael Kirkman,RP,28.2,TEX,TEX,1,,,2015
780,Blake Beavan,RP,25.8,SEA,ARI,1,,,2015
781,Corey Brown,CF,29.0,BOS,TB,1,,,2015
782,Tony Campana,LF,28.4,LAA,CHW,1,,,2015
783,Cord Phelps,2B,27.8,BAL,PHI,1,,,2015
784,Koyie Hill,C,35.7,WSH,PHI,1,,,2015
785,Ryan Roberts,2B,34.1,BOS,KC,1,,,2015
786,Chien-Ming Wang,RP,34.6,CIN,ATL,1,,,2015
787,David Price,SP,30.2,TOR,BOS,7,217000000,31000000,2016
788,Zack Greinke,SP,32.1,LAD,ARI,6,206500000,34416667,2016
789,Jason Heyward,RF,26.3,STL,CHC,8,184000000,23000000,2016
790,Chris Davis,1B,29.8,BAL,BAL,7,161000000,23000000,2016
791,Justin Upton,LF,28.3,SD,DET,6,132750000,22125000,2016
792,Johnny Cueto,SP,29.8,KC,SF,6,130000000,21666667,2016
793,Jordan Zimmermann,SP,29.5,WSH,DET,5,110000000,22000000,2016
794,Jeff Samardzija,SP,30.8,CHW,SF,5,90000000,18000000,2016
795,Wei-Yin Chen,RP,30.4,BAL,MIA,5,80000000,16000000,2016
796,Mike Leake,SP,28.1,SF,STL,5,80000000,16000000,2016
797,Alex Gordon,OF,31.8,KC,KC,4,72000000,18000000,2016
798,Ian Kennedy,RP,31.0,SD,KC,5,70000000,14000000,2016
799,Ben Zobrist,2B,34.5,KC,CHC,4,56000000,14000000,2016
800,Scott Kazmir,SP,31.9,HOU,LAD,3,48000000,16000000,2016
801,Daniel Murphy,1B,30.7,NYM,WSH,3,37500000,12500000,2016
802,J.A. Happ,SP,33.1,PIT,TOR,3,36000000,12000000,2016
803,John Lackey,SP,37.1,STL,CHC,2,32000000,16000000,2016
804,Denard Span,LF,31.8,WSH,SF,3,31000000,10333333,2016
805,Darren O'Day,RP,33.1,BAL,BAL,4,31000000,7750000,2016
806,Gerardo Parra,RF,28.7,BAL,COL,3,27500000,9166667,2016
807,Marco Estrada,SP,32.3,TOR,TOR,2,26000000,13000000,2016
808,Joakim Soria,RP,31.5,PIT,KC,3,25000000,8333333,2016
809,Yovani Gallardo,SP,29.9,TEX,BAL,2,22000000,11000000,2016
810,Ryan Madson,RP,35.2,KC,OAK,3,22000000,7333333,2016
811,Howie Kendrick,2B,32.5,LAD,LAD,2,20000000,10000000,2016
812,Asdrubal Cabrera,2B,30.0,TB,NYM,2,18500000,9250000,2016
813,Tony Sipp,RP,32.3,HOU,HOU,3,18000000,6000000,2016
814,Mike Pelfrey,RP,31.8,MIN,DET,2,16000000,8000000,2016
815,Shawn Kelley,RP,31.6,SD,WSH,3,15000000,5000000,2016
816,Dexter Fowler,RF,29.9,CHC,CHC,1,13000000,13000000,2016
817,Chris Young,RF,32.2,NYY,BOS,2,13000000,6500000,2016
818,Tyler Clippard,RP,30.9,NYM,ARI,2,12250000,6125000,2016
819,Antonio Bastardo,RP,30.2,PIT,NYM,2,12000000,6000000,2016
820,Hisashi Iwakuma,SP,34.7,SEA,SEA,1,12000000,12000000,2016
821,Chris Young,RP,36.5,KC,KC,2,11500000,5750000,2016
822,Mark Lowe,RP,32.5,TOR,DET,2,11000000,5500000,2016
823,Steve Cishek,RP,29.4,STL,SEA,2,10000000,5000000,2016
824,John Axford,RP,32.7,COL,OAK,2,10000000,5000000,2016
825,Jason Motte,RP,33.4,CHC,COL,2,10000000,5000000,2016
826,Ian Desmond,CF,30.4,WSH,TEX,1,8000000,8000000,2016
827,John Jaso,RF,32.2,TB,PIT,2,8000000,4000000,2016
828,Jonathan Broxton,RP,31.4,STL,STL,2,7500000,3750000,2016
829,Mike Minor,SP,28.1,ATL,KC,2,7250000,3625000,2016
830,Bartolo Colon,SP,42.5,NYM,NYM,1,7250000,7250000,2016
831,Doug Fister,SP,31.9,WSH,HOU,1,7000000,7000000,2016
832,Mike Napoli,1B,34.1,TEX,CLE,1,7000000,7000000,2016
833,Chase Utley,2B,36.9,LAD,LAD,1,7000000,7000000,2016
834,Oliver Perez,RP,34.2,HOU,WSH,2,7000000,3500000,2016
835,Colby Lewis,SP,36.3,TEX,TEX,1,6000000,6000000,2016
836,Chad Qualls,RP,37.2,HOU,COL,2,6000000,3000000,2016
837,Rich Hill,SP,35.7,BOS,OAK,1,6000000,6000000,2016
838,Pedro Alvarez,1B,29.1,PIT,BAL,1,5750000,5750000,2016
839,Alejandro De Aza,LF,31.7,SF,NYM,1,5750000,5750000,2016
840,Norichika Aoki,LF,33.8,SF,SEA,1,5500000,5500000,2016
841,Tyler Flowers,C,29.8,CHW,ATL,2,5300000,2650000,2016
842,Rajai Davis,CF,35.1,DET,CLE,1,5250000,5250000,2016
843,Austin Jackson,CF,29.1,CHC,CHW,1,5000000,5000000,2016
844,Brayan Pena,C,33.8,CIN,STL,2,5000000,2500000,2016
845,Steven Pearce,1B,32.8,BAL,TB,1,4750000,4750000,2016
846,Henderson Alvarez,SP,25.7,MIA,OAK,1,4250000,4250000,2016
847,Trevor Cahill,RP,27.8,CHC,CHC,1,4250000,4250000,2016
848,Chris Iannetta,C,32.6,LAA,SEA,1,4250000,4250000,2016
849,Juan Uribe,3B,36.8,NYM,CLE,1,4000000,4000000,2016
850,Joe Blanton,RP,35.1,PIT,LAD,1,4000000,4000000,2016
851,Alexei Ramirez,SS,34.2,CHW,SD,1,4000000,4000000,2016
852,Jerry Blevins,RP,32.2,NYM,NYM,1,4000000,4000000,2016
853,Dioner Navarro,C,31.8,TOR,CHW,1,4000000,4000000,2016
854,Neftali Feliz,RP,27.7,DET,PIT,1,3900000,3900000,2016
855,David Hernandez,RP,30.5,ARI,PHI,1,3900000,3900000,2016
856,Cliff Pennington,SS,31.4,TOR,LAA,2,3750000,1875000,2016
857,Tony Barnette,RP,32.1,ARI,TEX,2,3500000,1750000,2016
858,David Freese,1B,32.8,LAA,PIT,1,3000000,3000000,2016
859,Stephen Drew,2B,32.8,NYY,WSH,1,3000000,3000000,2016
860,Juan Nicasio,RP,29.2,LAD,PIT,1,3000000,3000000,2016
861,Yusmeiro Petit,RP,31.0,SF,WSH,1,3000000,3000000,2016
862,A.J. Pierzynski,C,38.8,ATL,ATL,1,3000000,3000000,2016
863,Geovany Soto,C,32.8,CHW,LAA,1,2800000,2800000,2016
864,Tim Lincecum,RP,31.9,SF,LAA,1,2500000,2500000,2016
865,Chris Carter,1B,29.0,HOU,MIL,1,2500000,2500000,2016
866,Edward Mujica,RP,31.6,OAK,PHI,1,2500000,2500000,2016
867,Sean Rodriguez,2B,30.6,PIT,PIT,1,2500000,2500000,2016
868,Jim Johnson,RP,32.4,LAD,ATL,1,2500000,2500000,2016
869,Bud Norris,RP,30.7,SD,ATL,1,2500000,2500000,2016
870,Alex Avila,C,28.8,DET,CHW,1,2500000,2500000,2016
871,Matt Albers,RP,33.0,CHW,CHW,1,2250000,2250000,2016
872,Franklin Morales,RP,30.2,MIL,TOR,1,2000000,2000000,2016
873,Alfredo Simon,SP,34.8,DET,CIN,1,2000000,2000000,2016
874,Jimmy Rollins,SS,37.2,LAD,CHW,1,2000000,2000000,2016
875,Tommy Hunter,RP,29.6,CHC,CLE,1,2000000,2000000,2016
876,Bronson Arroyo,SP,38.9,LAD,WSH,1,2000000,2000000,2016
877,Fernando Rodney,RP,38.8,CHC,SD,1,2000000,2000000,2016
878,Kelly Johnson,2B,33.8,NYM,ATL,1,2000000,2000000,2016
879,Mike Aviles,3B,34.8,CLE,DET,1,2000000,2000000,2016
880,Ryan Vogelsong,SP,38.3,SF,PIT,1,2000000,2000000,2016
881,Eric O'Flaherty,RP,31.0,NYM,PIT,1,1750000,1750000,2016
882,Justin Ruggiano,RF,33.7,LAD,TEX,1,1650000,1650000,2016
883,Matt Thornton,RP,39.4,WSH,SD,1,1600000,1600000,2016
884,Ruben Tejada,SS,26.3,NYM,STL,1,1500000,1500000,2016
885,Ryan Raburn,LF,34.8,CLE,CLE,1,1500000,1500000,2016
886,Craig Breslow,RP,35.5,BOS,MIA,1,1500000,1500000,2016
887,Chris Capuano,RP,37.4,NYY,MIL,1,1500000,1500000,2016
888,Carlos Villanueva,RP,32.1,STL,SD,1,1500000,1500000,2016
889,Jeff Mathis,C,32.7,MIA,MIA,1,1500000,1500000,2016
890,James Russell,RP,29.8,CHC,PHI,1,1500000,1500000,2016
891,Franklin Gutierrez,CF,32.7,SEA,SEA,1,1500000,1500000,2016
892,Daniel Nava,LF,32.8,TB,LAA,1,1375000,1375000,2016
893,Jeremy Guthrie,SP,36.9,TEX,SD,1,1250000,1250000,2016
894,Matt Belisle,RP,35.7,STL,WSH,1,1250000,1250000,2016
895,Skip Schumaker,LF,36.0,CIN,SD,1,1250000,1250000,2016
896,Gordon Beckham,2B,29.2,CHW,ATL,1,1250000,1250000,2016
897,Chris Narveson,RP,34.0,MIA,MIA,1,1200000,1200000,2016
898,Will Middlebrooks,3B,27.2,SD,MIL,1,1200000,1200000,2016
899,David Murphy,DH,34.4,BOS,MIN,1,1150000,1150000,2016
900,Alberto Alburquerque,RP,29.6,DET,LAA,1,1100000,1100000,2016
901,Ryan Cook,RP,28.5,CHC,SEA,1,1100000,1100000,2016
902,Jhoulys Chacin,SP,27.9,ARI,ATL,1,1100000,1100000,2016
903,Justin Morneau,1B,35.0,COL,CHW,1,1000000,1000000,2016
904,Marlon Byrd,LF,38.5,SF,CLE,1,1000000,1000000,2016
905,Chris Denorfia,RF,35.6,CHC,NYY,1,1000000,1000000,2016
906,Shane Victorino,RF,35.2,LAA,CHC,1,1000000,1000000,2016
907,Jeff Francoeur,LF,32.1,PHI,ATL,1,1000000,1000000,2016
908,Matt Joyce,LF,31.5,LAA,PIT,1,1000000,1000000,2016
909,Craig Stammen,RP,31.8,WSH,CLE,1,1000000,1000000,2016
910,Gavin Floyd,RP,33.0,CLE,TOR,1,1000000,1000000,2016
911,Wandy Rodriguez,RP,37.0,KC,HOU,1,1000000,1000000,2016
912,Chien-Ming Wang,RP,35.8,ATL,KC,1,1000000,1000000,2016
913,Eric Young Jr.,CF,30.6,NYM,MIL,1,1000000,1000000,2016
914,Ross Detwiler,RP,29.8,ATL,CLE,1,1000000,1000000,2016
915,Joe Thatcher,RP,34.2,HOU,CLE,1,1000000,1000000,2016
916,Craig Gentry,LF,32.0,OAK,LAA,1,1000000,1000000,2016
917,Joba Chamberlain,RP,30.2,KC,CLE,1,1000000,1000000,2016
918,Carlos Torres,RP,33.4,ATL,MIL,1,950000,950000,2016
919,Blaine Boyer,RP,34.6,MIN,MIL,1,950000,950000,2016
920,Travis Ishikawa,1B,32.3,PIT,CHW,1,900000,900000,2016
921,Ernesto Frieri,RP,30.3,TB,PHI,1,850000,850000,2016
922,Jordan Pacheco,3B,29.9,ARI,CIN,1,800000,800000,2016
923,Josh Thole,C,29.1,TOR,TOR,1,800000,800000,2016
924,Louis Coleman,RP,29.8,KC,LAD,1,750000,750000,2016
925,Roger Bernadina,LF,31.6,COL,NYM,1,750000,750000,2016
926,Carlos Quentin,LF,33.4,SEA,MIN,1,750000,750000,2016
927,Justin De Fratus,RP,28.1,PHI,SEA,1,750000,750000,2016
928,Blake Wood,RP,30.2,PIT,CIN,1,600000,600000,2016
929,Jaff Decker,LF,25.0,PIT,TB,1,525000,525000,2016
930,Manny Parra,RP,33.2,CIN,CHC,1,520000,520000,2016
931,Ryan Buchter,RP,28.8,LAD,SD,1,520000,520000,2016
932,Zach Phillips,RP,29.5,CHW,BAL,1,510000,510000,2016
933,Maikel Cleto,RP,27.2,CHW,ATL,1,507500,507500,2016
934,Jose Reyes,SS,33.0,COL,NYM,1,507500,507500,2016
935,Joe Nathan,RP,41.4,DET,CHC,1,507500,507500,2016
936,Edwin Jackson,SP,32.2,ATL,MIA,1,507500,507500,2016
937,A.J. Griffin,RP,27.8,OAK,TEX,1,507500,507500,2016
938,Jarrod Saltalamacchia,C,30.8,ARI,DET,1,507500,507500,2016
939,Billy Butler,DH,30.3,OAK,NYY,1,49914,49914,2016
940,Josh Collmenter,RP,30.5,ARI,CHC,-,,,2016
941,Kyle Drabek,RP,28.6,ARI,SF,-,,,2016
942,Roberto Hernandez,RP,35.8,TOR,ATL,-,,,2016
943,Kevin Jepsen,RP,31.9,MIN,TB,-,,,2016
944,Alexi Ogando,RP,32.8,ARI,ARI,-,,,2016
945,Ryan Webb,RP,30.4,TB,CHW,-,,,2016
946,Omar Infante,2B,34.5,KC,ATL,-,,,2016
947,Mat Latos,SP,28.5,CHW,WSH,-,,,2016
948,Randy Choate,RP,40.8,TOR,LAD,-,,,2016
949,Casey Janssen,RP,34.7,SD,BOS,-,,,2016
950,Joel Peralta,RP,40.2,SEA,CHC,-,,,2016
951,Joe Beimel,RP,39.1,SEA,KC,1,,,2016
952,Kyle Lohse,SP,37.6,MIL,TEX,1,,,2016
953,Michael Bourn,CF,33.2,ATL,TOR,1,,,2016
954,Alex Torres,RP,28.3,ATL,SF,-,,,2016
955,Nick Swisher,OF,35.3,ATL,NYY,1,,,2016
956,Wesley Wright,RP,31.2,ARI,BOS,1,,,2016
957,David Holmberg,RP,24.7,ATL,CHW,1,,,2016
958,James Loney,1B,31.9,TB,SD,-,,,2016
959,Sam LeCure,RP,31.9,ARI,LAD,1,,,2016
960,Rene Rivera,C,32.7,TB,NYM,1,,,2016
961,Miguel Gonzalez,SP,31.8,BAL,CHW,1,,,2016
962,Neal Cotts,RP,36.0,HOU,LAA,1,,,2016
963,Steve Delabar,RP,32.7,TOR,CIN,-,,,2016
964,Kyle Kendrick,SP,31.6,ATL,LAA,1,,,2016
965,Will Venable,CF,33.3,CLE,PHI,-,,,2016
966,Ross Ohlendorf,RP,33.6,TEX,CIN,1,,,2016
967,Chris Volstad,RP,29.5,ATL,CHW,1,,,2016
968,Alexi Casilla,2B,31.6,DET,TOR,1,,,2016
969,Steve Johnson,RP,28.5,TEX,SEA,-,,,2016
970,Mike Olt,3B,27.5,CHW,SD,1,,,2016
971,Dan Johnson,1B,36.5,STL,TB,1,,,2016
972,Samuel Deduno,RP,32.7,HOU,BAL,1,,,2016
973,Christian Friedrich,SP,28.6,COL,SD,1,,,2016
974,Matt Capps,RP,32.4,ATL,ARI,1,,,2016
975,Tony Sanchez,C,27.7,PIT,TOR,1,,,2016
976,Aaron Crow,RP,29.2,MIA,CHC,1,,,2016
977,Clint Barmes,SS,36.9,SD,KC,1,,,2016
978,Bobby Parnell,RP,31.4,NYM,DET,1,,,2016
979,Burke Badenhop,RP,33.0,CIN,WSH,1,,,2016
980,Brian Duensing,RP,32.9,MIN,KC,1,,,2016
981,Carlos Marmol,RP,33.3,CLE,BOS,1,,,2016
982,Ike Davis,1B,28.8,OAK,TEX,1,,,2016
983,Cory Luebke,RP,30.9,SD,PIT,1,,,2016
984,Angelo Gumbs,SS,23.2,NYY,CIN,-,,,2016
985,David Aardsma,RP,34.1,ATL,TOR,1,,,2016
986,Don Kelly,CF,35.9,MIA,MIA,1,,,2016
987,Travis Snider,RF,27.9,PIT,KC,1,,,2016
988,Maicer Izturis,2B,35.3,TOR,TOR,1,,,2016
989,Nick Tepesch,SP,27.2,TEX,TEX,1,,,2016
990,Carlos Corporan,C,32.0,TEX,NYY,1,,,2016
991,David Lough,RF,30.0,BAL,PHI,1,,,2016
992,Jo-Jo Reyes,SP,31.2,LAA,MIA,1,,,2016
993,Logan Watkins,2B,26.3,CHC,CHC,1,,,2016
994,Mike Kickham,RP,27.1,TEX,SF,1,,,2016
995,Kris Negron,RF,29.9,CIN,CHC,1,,,2016
996,Jemile Weeks,2B,28.9,BOS,SD,1,,,2016
997,Vin Mazzaro,RP,29.2,ATL,SF,1,,,2016
998,Tim Federowicz,C,28.4,SD,CHC,1,,,2016
999,Rafael Lopez,C,28.2,LAA,DET,1,,,2016
1000,Chris Johnson,3B,31.2,CLE,MIA,1,,,2016
1001,Pedro Villarreal,RP,26.1,CIN,CIN,1,,,2016
1002,Ryan Mattheus,RP,32.1,CIN,CIN,1,,,2016
1003,Cesar Ramos,RP,31.5,LAA,TEX,-,,,2016
1004,Michael McKenry,C,30.8,COL,TEX,1,,,2016
1005,Paul Janish,SS,33.2,BAL,BAL,1,,,2016
1006,Elian Herrera,SS,30.8,MIL,LAD,1,,,2016
1007,Nate Freiman,1B,28.9,OAK,ATL,1,,,2016
1008,Tim Stauffer,RP,33.5,NYM,ARI,1,,,2016
1009,Logan Kensing,RP,33.4,SEA,DET,1,,,2016
1010,Jason Bourgeois,LF,33.9,CIN,ARI,1,,,2016
1011,Tom Gorzelanny,RP,33.4,DET,CLE,1,,,2016
1012,Nick Hagadone,RP,29.9,CLE,MIL,1,,,2016
1013,Brandon Morrow,RP,31.3,SD,SD,1,,,2016
1014,Brad Penny,SP,37.5,CHW,TOR,1,,,2016
1015,Fernando Abad,RP,30.0,OAK,MIN,1,,,2016
1016,Wilfredo Tovar,SS,24.3,NYM,MIN,1,,,2016
1017,Anthony Varvaro,RP,31.1,BOS,BOS,1,,,2016
1018,Jean Machi,RP,33.8,BOS,CHC,1,,,2016
1019,Hector Sanchez,C,26.0,SF,CHW,1,,,2016
1020,Jake Elmore,LF,28.4,TB,MIL,1,,,2016
1021,Antoan Richardson,RF,32.2,TEX,PIT,1,,,2016
1022,Joaquin Arias,SS,31.2,SF,ARI,1,,,2016
1023,Jeff Beliveau,RP,28.8,TB,BAL,1,,,2016
1024,Robbie Grossman,RF,26.2,HOU,CLE,1,,,2016
1025,Frank Garces,RP,25.8,SD,SD,1,,,2016
1026,Dustin McGowan,RP,33.7,PHI,MIA,1,,,2016
1027,Jake Brigham,RP,27.8,ATL,DET,1,,,2016
1028,Preston Guilmet,RP,28.3,MIL,DET,1,,,2016
1029,Andy Parrino,3B,30.1,OAK,CHW,1,,,2016
1030,Dylan Axelrod,RP,30.3,CIN,MIA,1,,,2016
1031,Lisalverto Bonilla,RP,25.5,LAD,,-,,,2016
1032,Quintin Berry,LF,31.0,CHC,LAA,-,,,2016
1033,Jim Henderson,RP,33.1,MIL,NYM,1,,,2016
1034,Anthony Recker,C,32.2,NYM,CLE,1,,,2016
1035,Casey Kotchman,1B,32.8,KC,TOR,1,,,2016
1036,Chris Heisey,LF,30.9,LAD,WSH,-,,,2016
1037,Humberto Quintero,C,36.2,BOS,TOR,1,,,2016
1038,David Carpenter,RP,30.3,WSH,ATL,-,,,2016
1039,Shane Robinson,CF,31.0,MIN,CLE,1,,,2016
1040,Kyle Blanks,LF,29.2,TEX,SF,-,,,2016
1041,Reed Johnson,LF,38.9,WSH,WSH,1,,,2016
1042,Eric Fryer,C,30.2,MIN,STL,-,,,2016
1043,Yoenis Cespedes,LF,31.1,NYM,NYM,4,110000000,27500000,2017
1044,Aroldis Chapman,RP,28.8,CHC,NYY,5,86000000,17200000,2017
1045,Dexter Fowler,RF,30.7,CHC,STL,5,82500000,16500000,2017
1046,Kenley Jansen,RP,29.2,LAD,LAD,5,80000000,16000000,2017
1047,Ian Desmond,CF,31.2,TEX,COL,5,70000000,14000000,2017
1048,Justin Turner,3B,32.0,LAD,LAD,4,64000000,16000000,2017
1049,Mark Melancon,RP,31.7,WSH,SF,4,62000000,15500000,2017
1050,Edwin Encarnacion,DH,33.9,TOR,CLE,3,60000000,20000000,2017
1051,Josh Reddick,RF,29.7,LAD,HOU,4,52000000,13000000,2017
1052,Rich Hill,SP,36.7,LAD,LAD,3,48000000,16000000,2017
1053,Mark Trumbo,DH,31.0,BAL,BAL,3,37500000,12500000,2017
1054,Kendrys Morales,DH,33.3,KC,TOR,3,33000000,11000000,2017
1055,Brett Cecil,RP,30.3,TOR,STL,4,30500000,7625000,2017
1056,Ivan Nova,SP,29.9,PIT,PIT,3,26000000,8666667,2017
1057,Jason Castro,C,29.4,HOU,MIN,3,24500000,8166667,2017
1058,Edinson Volquez,RP,33.3,KC,MIA,2,22000000,11000000,2017
1059,Michael Dunn,RP,31.5,MIA,COL,3,19000000,6333333,2017
1060,Jose Bautista,RF,36.2,TOR,TOR,1,18500000,18500000,2017
1061,Jason Hammel,RP,34.4,CHC,KC,2,16000000,8000000,2017
1062,Brad Ziegler,RP,37.2,BOS,MIA,2,16000000,8000000,2017
1063,Carlos Beltran,DH,39.6,TEX,HOU,1,16000000,16000000,2017
1064,Luis Valbuena,3B,31.1,HOU,LAA,2,15000000,7500000,2017
1065,Charlie Morton,SP,33.0,PHI,HOU,2,14000000,7000000,2017
1066,Welington Castillo,C,29.6,ARI,BAL,2,13000000,6500000,2017
1067,Matt Holliday,OF,36.8,STL,NYY,1,13000000,13000000,2017
1068,Wilson Ramos,C,29.2,WSH,TB,2,12500000,6250000,2017
1069,Steven Pearce,1B,33.6,BAL,TOR,2,12500000,6250000,2017
1070,Bartolo Colon,SP,43.4,NYM,ATL,1,12500000,12500000,2017
1071,Travis Wood,SP,30.0,CHC,KC,2,12000000,6000000,2017
1072,Brandon Moss,DH,33.3,STL,KC,2,12000000,6000000,2017
1073,Junichi Tazawa,RP,30.5,BOS,MIA,2,12000000,6000000,2017
1074,Carlos Gomez,RF,31.0,TEX,TEX,1,11500000,11500000,2017
1075,Sean Rodriguez,2B,31.5,PIT,ATL,2,11500000,5750000,2017
1076,Santiago Casilla,RP,36.4,SF,OAK,2,11000000,5500000,2017
1077,Daniel Hudson,RP,29.8,ARI,PIT,2,11000000,5500000,2017
1078,Marc Rzepczynski,RP,31.2,WSH,SEA,2,11000000,5500000,2017
1079,Matt Joyce,LF,32.2,PIT,OAK,2,11000000,5500000,2017
1080,Andrew Cashner,RP,30.2,MIA,TEX,1,10000000,10000000,2017
1081,Mike Napoli,1B,35.2,CLE,TEX,1,8500000,8500000,2017
1082,Jon Jay,RF,31.7,SD,CHC,1,8000000,8000000,2017
1083,R.A. Dickey,SP,42.0,TOR,ATL,1,8000000,8000000,2017
1084,Joaquin Benoit,RP,39.4,TOR,PHI,1,7500000,7500000,2017
1085,Greg Holland,RP,31.2,KC,COL,1,7000000,7000000,2017
1086,Jerry Blevins,RP,33.3,NYM,NYM,1,6500000,6500000,2017
1087,Boone Logan,RP,32.4,COL,CLE,1,6500000,6500000,2017
1088,Tyson Ross,SP,29.7,SD,TEX,1,6000000,6000000,2017
1089,Rajai Davis,CF,36.2,CLE,OAK,1,6000000,6000000,2017
1090,Derek Holland,RP,30.2,TEX,CHW,1,6000000,6000000,2017
1091,Koji Uehara,RP,41.7,BOS,CHC,1,6000000,6000000,2017
1092,Jesse Chavez,RP,33.2,LAD,LAA,1,5750000,5750000,2017
1093,Mitch Moreland,1B,31.2,TEX,BOS,1,5500000,5500000,2017
1094,Neftali Feliz,RP,28.7,PIT,MIL,1,5350000,5350000,2017
1095,Trevor Plouffe,3B,30.5,MIN,OAK,1,5250000,5250000,2017
1096,Colby Rasmus,LF,30.3,HOU,TB,1,5000000,5000000,2017
1097,Joe Blanton,RP,36.2,LAD,WSH,1,4000000,4000000,2017
1098,Ben Revere,CF,28.6,WSH,LAA,1,4000000,4000000,2017
1099,Jeff Mathis,C,33.7,MIA,ARI,2,4000000,2000000,2017
1100,Drew Butera,C,33.2,KC,KC,2,3800000,1900000,2017
1101,Chris Carter,1B,30.1,MIL,NYY,1,3500000,3500000,2017
1102,Stephen Drew,2B,33.8,WSH,WSH,1,3500000,3500000,2017
1103,Jered Weaver,SP,34.3,LAA,SD,1,3000000,3000000,2017
1104,Sergio Romo,RP,33.9,SF,LAD,1,3000000,3000000,2017
1105,Joe Smith,RP,32.8,CHC,TOR,1,3000000,3000000,2017
1106,J.P. Howell,RP,33.8,LAD,TOR,1,3000000,3000000,2017
1107,Drew Storen,RP,29.3,SEA,CIN,1,3000000,3000000,2017
1108,Andres Blanco,3B,32.7,PHI,PHI,1,3000000,3000000,2017
1109,Jeff Locke,RP,29.0,PIT,MIA,1,3000000,3000000,2017
1110,Fernando Rodney,RP,39.7,MIA,ARI,1,2750000,2750000,2017
1111,Franklin Gutierrez,CF,33.9,SEA,LAD,1,2600000,2600000,2017
1112,A.J. Ellis,C,35.6,PHI,MIA,1,2500000,2500000,2017
1113,Edwin Jackson,SP,33.5,SD,BAL,1,2450000,2450000,2017
1114,Scott Feldman,SP,33.9,TOR,CIN,1,2300000,2300000,2017
1115,Matt Belisle,RP,36.6,WSH,MIN,1,2050000,2050000,2017
1116,Pedro Alvarez,1B,30.1,BAL,BAL,1,2000000,2000000,2017
1117,Nathan Eovaldi,SP,27.0,NYY,TB,1,2000000,2000000,2017
1118,Chase Utley,2B,38.1,LAD,LAD,1,2000000,2000000,2017
1119,Nick Hundley,C,33.3,COL,SF,1,2000000,2000000,2017
1120,Alex Avila,C,29.8,CHW,DET,1,2000000,2000000,2017
1121,Brian Duensing,RP,33.8,BAL,CHC,1,2000000,2000000,2017
1122,Trevor Cahill,RP,28.8,CHC,SD,1,1750000,1750000,2017
1123,Clayton Richard,RP,33.2,SD,SD,1,1750000,1750000,2017
1124,Jhoulys Chacin,SP,28.9,LAA,SD,1,1750000,1750000,2017
1125,Dustin McGowan,RP,34.7,MIA,MIA,1,1750000,1750000,2017
1126,Adam Lind,1B,33.5,SEA,WSH,1,1500000,1500000,2017
1127,Daniel Descalso,2B,30.2,COL,ARI,1,1500000,1500000,2017
1128,Kurt Suzuki,C,33.2,MIN,ATL,1,1500000,1500000,2017
1129,Chris Iannetta,C,33.8,SEA,ARI,1,1500000,1500000,2017
1130,Chris Heisey,LF,31.8,WSH,WSH,1,1400000,1400000,2017
1131,Adam Rosales,2B,33.7,SD,OAK,1,1250000,1250000,2017
1132,Alexi Amarista,SS,27.7,SD,COL,1,1250000,1250000,2017
1133,Tom Milone,SP,29.8,MIN,MIL,1,1250000,1250000,2017
1134,Sean Burnett,RP,34.2,WSH,PHI,1,1250000,1250000,2017
1135,Bryan Morris,RP,29.7,MIA,SF,1,1250000,1250000,2017
1136,Derek Norris,C,28.1,WSH,TB,1,1200000,1200000,2017
1137,Jacob Lindgren,RP,23.7,NYY,ATL,1,1025000,1025000,2017
1138,Shawn Tolleson,RP,29.0,TEX,TB,1,1000000,1000000,2017
1139,Jared Hughes,RP,31.7,PIT,MIL,1,950000,950000,2017
1140,Logan Ondrusek,RP,31.8,BAL,BAL,1,650000,650000,2017
1141,Danny Espinosa,SS,30.2,LAA,SEA,1,535000,535000,2017
1142,Michael Saunders,LF,30.6,PHI,TOR,-,,,2017
1143,Oswaldo Arcia,LF,25.6,SD,ARI,-,,,2017
1144,Ryan LaMarre,LF,28.0,BOS,LAA,1,,,2017
1145,Eric Hosmer,1B,28.2,KC,SD,8,144000000,18000000,2018
1146,Yu Darvish,SP,31.4,LAD,CHC,6,126000000,21000000,2018
1147,J.D. Martinez,DH,30.4,ARI,BOS,5,110000000,22000000,2018
1148,Lorenzo Cain,CF,31.8,KC,MIL,5,80000000,16000000,2018
1149,Jake Arrieta,SP,32.0,CHC,PHI,3,75000000,25000000,2018
1150,Carlos Santana,1B,31.7,CLE,PHI,3,60000000,20000000,2018
1151,Alex Cobb,SP,30.4,TB,BAL,4,57000000,14250000,2018
1152,Wade Davis,RP,32.2,CHC,COL,3,52000000,17333333,2018
1153,Jay Bruce,RF,30.8,CLE,NYM,3,39000000,13000000,2018
1154,Zack Cozart,3B,32.3,CIN,LAA,3,38000000,12666667,2018
1155,Tyler Chatwood,RP,27.9,COL,CHC,3,38000000,12666667,2018
1156,Mike Minor,SP,29.9,KC,TEX,3,28000000,9333333,2018
1157,Bryan Shaw,RP,30.1,CLE,COL,3,27000000,9000000,2018
1158,Jake McGee,RP,31.3,COL,COL,3,27000000,9000000,2018
1159,Brandon Morrow,RP,33.3,LAD,CHC,2,21000000,10500000,2018
1160,Tommy Hunter,RP,31.4,TB,PHI,2,18000000,9000000,2018
1161,Todd Frazier,3B,31.9,NYY,NYM,2,17000000,8500000,2018
1162,Juan Nicasio,RP,31.2,STL,SEA,2,17000000,8500000,2018
1163,Addison Reed,RP,29.0,BOS,MIN,2,16750000,8375000,2018
1164,Pat Neshek,RP,37.2,COL,PHI,2,16200000,8100000,2018
1165,Jason Vargas,SP,35.0,KC,NYM,2,16000000,8000000,2018
1166,Andrew Cashner,RP,31.4,TEX,BAL,2,16000000,8000000,2018
1167,Yonder Alonso,1B,30.7,SEA,CLE,2,16000000,8000000,2018
1168,Jhoulys Chacin,SP,29.9,SD,MIL,2,15500000,7750000,2018
1169,Joe Smith,RP,33.7,CLE,HOU,2,15000000,7500000,2018
1170,Welington Castillo,C,30.6,BAL,CHW,2,15000000,7500000,2018
1171,Greg Holland,RP,32.3,COL,STL,1,14000000,14000000,2018
1172,Anthony Swarzak,RP,32.2,MIL,NYM,2,14000000,7000000,2018
1173,Mitch Moreland,1B,32.2,BOS,BOS,2,13000000,6500000,2018
1174,Steve Cishek,RP,31.4,SEA,CHC,2,13000000,6500000,2018
1175,Lance Lynn,SP,30.8,STL,MIN,1,12000000,12000000,2018
1176,Luke Gregerson,RP,33.5,HOU,STL,2,11000000,5500000,2018
1177,Jaime Garcia,RP,31.6,NYY,TOR,1,10000000,10000000,2018
1178,C.C. Sabathia,SP,37.3,NYY,NYY,1,10000000,10000000,2018
1179,Brandon Kintzler,RP,33.3,WSH,WSH,2,10000000,5000000,2018
1180,Drew Smyly,SP,28.5,SEA,CHC,2,10000000,5000000,2018
1181,Michael Pineda,SP,28.8,NYY,MIN,2,10000000,5000000,2018
1182,Yusmeiro Petit,RP,33.0,LAA,OAK,2,10000000,5000000,2018
1183,Tony Watson,RP,32.7,LAD,SF,3,9000000,3000000,2018
1184,Hector Rondon,RP,29.8,CHC,HOU,2,8500000,4250000,2018
1185,Chris Iannetta,C,34.7,ARI,COL,2,8500000,4250000,2018
1186,Alex Avila,C,31.0,CHC,ARI,2,8250000,4125000,2018
1187,Carlos Gonzalez,RF,32.3,COL,COL,1,8000000,8000000,2018
1188,Eduardo Nunez,3B,30.7,BOS,BOS,2,8000000,4000000,2018
1189,Jarrod Dyson,CF,33.5,SEA,ARI,2,7500000,3750000,2018
1190,Brian Duensing,RP,34.8,CHC,CHC,2,7000000,3500000,2018
1191,Howie Kendrick,2B,34.5,WSH,WSH,2,7000000,3500000,2018
1192,Jonathan Lucroy,C,31.7,COL,OAK,1,6500000,6500000,2018
1193,Mike Moustakas,3B,29.4,KC,KC,1,6500000,6500000,2018
1194,Logan Morrison,DH,30.5,TB,MIN,1,6500000,6500000,2018
1195,Michael Fiers,SP,32.4,HOU,DET,1,6000000,6000000,2018
1196,David Hernandez,RP,32.7,ARI,CIN,2,5000000,2500000,2018
1197,Matt Albers,RP,35.0,WSH,MIL,2,5000000,2500000,2018
1198,Curtis Granderson,LF,36.8,LAD,TOR,1,5000000,5000000,2018
1199,Miguel Gonzalez,SP,33.6,TEX,CHW,1,4750000,4750000,2018
1200,Craig Stammen,RP,33.8,SD,SD,2,4500000,2250000,2018
1201,Jared Hughes,RP,32.4,MIL,CIN,2,4500000,2250000,2018
1202,Fernando Rodney,RP,40.7,ARI,MIN,1,4500000,4500000,2018
1203,Neil Walker,2B,32.5,MIL,NYY,1,4000000,4000000,2018
1204,Francisco Liriano,RP,34.2,HOU,DET,1,4000000,4000000,2018
1205,Carlos Gomez,RF,32.2,TEX,TB,1,4000000,4000000,2018
1206,Matt Adams,1B,29.2,ATL,WSH,1,4000000,4000000,2018
1207,Doug Fister,SP,33.8,BOS,TEX,1,4000000,4000000,2018
1208,Lucas Duda,1B,32.0,TB,KC,1,3500000,3500000,2018
1209,Cameron Maybin,RF,30.8,HOU,MIA,1,3250000,3250000,2018
1210,Bud Norris,RP,32.9,LAA,STL,1,3000000,3000000,2018
1211,Rene Rivera,C,34.4,CHC,LAA,1,2800000,2800000,2018
1212,Anibal Sanchez,SP,33.9,DET,MIN,1,2500000,2500000,2018
1213,Sergio Romo,RP,34.9,TB,TB,1,2500000,2500000,2018
1214,Alcides Escobar,SS,31.1,KC,KC,1,2500000,2500000,2018
1215,Boone Logan,RP,33.3,CLE,MIL,1,2500000,2500000,2018
1216,Nick Hundley,C,34.2,SF,SF,1,2500000,2500000,2018
1217,Seung-Hwan Oh,RP,35.6,STL,TOR,1,2000000,2000000,2018
1218,Chris Young,RF,34.4,BOS,LAA,1,2000000,2000000,2018
1219,Chase Utley,2B,39.1,LAD,LAD,2,2000000,1000000,2018
1220,Jose Reyes,SS,34.6,NYM,NYM,1,2000000,2000000,2018
1221,Tom Koehler,RP,31.8,TOR,LAD,1,2000000,2000000,2018
1222,Leonys Martin,CF,29.7,CHC,DET,1,1750000,1750000,2018
1223,Wily Peralta,RP,28.5,MIL,KC,1,1525000,1525000,2018
1224,Clay Buchholz,SP,33.6,PHI,KC,1,1500000,1500000,2018
1225,Trevor Cahill,RP,30.0,KC,OAK,1,1500000,1500000,2018
1226,Jesse Chavez,RP,34.5,LAA,TEX,1,1500000,1500000,2018
1227,Tony Barnette,RP,34.0,TEX,TEX,1,1500000,1500000,2018
1228,Miguel Montero,C,34.5,TOR,WSH,1,1300000,1300000,2018
1229,Justin Grimm,RP,29.6,CHC,KC,1,1250000,1250000,2018
1230,Peter Bourjos,RF,30.9,CHC,ATL,1,1000000,1000000,2018
1231,Joaquin Benoit,RP,40.6,PIT,WSH,1,1000000,1000000,2018
1232,Jordan Lyles,SP,27.1,SD,SD,1,1000000,1000000,2018
1233,Yovani Gallardo,SP,32.1,MIL,CIN,1,750000,750000,2018
1234,Dan Jennings,RP,30.9,TB,MIL,1,750000,750000,2018
1235,Ryan Flaherty,3B,31.6,PHI,ATL,1,750000,750000,2018
1236,Ichiro Suzuki,LF,44.3,MIA,SEA,1,750000,750000,2018
1237,Peter Moylan,RP,39.2,KC,ATL,1,575000,575000,2018
1238,Chris Stewart,C,35.9,PIT,ATL,1,575000,575000,2018
1239,Austin Jackson,CF,31.4,TEX,NYM,1,545000,545000,2018
1240,Jose Bautista,RF,37.6,ATL,NYM,1,545000,545000,2018
1241,Adrian Gonzalez,1B,35.7,ATL,NYM,1,545000,545000,2018
1242,Dario Alvarez,RP,28.8,TEX,CHC,1,545000,545000,2018
1243,Jayson Werth,LF,38.8,WSH,SEA,-,,,2018
1244,Bryce Harper,RF,26.3,WSH,PHI,13,330000000,25384615,2019
1245,Manny Machado,3B,26.6,LAD,SD,10,300000000,30000000,2019
1246,Patrick Corbin,SP,29.3,ARI,WSH,6,140000000,23333333,2019
1247,Nathan Eovaldi,SP,28.8,BOS,BOS,4,68000000,17000000,2019
1248,A.J. Pollock,LF,31.1,ARI,LAD,5,60000000,12000000,2019
1249,Andrew McCutchen,RF,32.2,NYY,PHI,3,50000000,16666667,2019
1250,Craig Kimbrel,RP,31.0,BOS,CHC,3,43000000,14333333,2019
1251,Zack Britton,RP,31.0,NYY,NYY,3,39000000,13000000,2019
1252,J.A. Happ,SP,36.1,NYY,NYY,2,34000000,17000000,2019
1253,Michael Brantley,LF,31.6,CLE,HOU,2,32000000,16000000,2019
1254,Jeurys Familia,RP,29.2,OAK,NYM,3,30000000,10000000,2019
1255,Charlie Morton,SP,35.1,HOU,TB,2,30000000,15000000,2019
1256,Lance Lynn,SP,31.6,NYY,TEX,3,30000000,10000000,2019
1257,Adam Ottavino,RP,33.1,COL,NYY,3,27000000,9000000,2019
1258,Andrew Miller,RP,33.6,CLE,STL,2,25000000,12500000,2019
1259,Joe Kelly,RP,30.5,BOS,LAD,3,25000000,8333333,2019
1260,D.J. LeMahieu,3B,30.4,COL,NYY,2,24000000,12000000,2019
1261,Daniel Murphy,1B,33.7,CHC,COL,2,24000000,12000000,2019
1262,David Robertson,RP,33.7,NYY,PHI,2,23000000,11500000,2019
1263,Josh Donaldson,3B,32.9,CLE,ATL,1,23000000,23000000,2019
1264,Dallas Keuchel,SP,31.4,HOU,ATL,1,21210000,21210000,2019
1265,Marwin Gonzalez,3B,29.9,HOU,MIN,2,21000000,10500000,2019
1266,Jed Lowrie,2B,34.7,OAK,NYM,2,20000000,10000000,2019
1267,Anibal Sanchez,SP,34.8,ATL,WSH,2,19000000,9500000,2019
1268,Wilson Ramos,C,31.3,PHI,NYM,2,19000000,9500000,2019
1269,Yasmani Grandal,C,30.2,LAD,MIL,1,18250000,18250000,2019
1270,Kelvin Herrera,RP,29.0,WSH,CHW,2,18000000,9000000,2019
1271,Garrett Richards,SP,30.5,LAA,SD,2,15500000,7750000,2019
1272,Joakim Soria,RP,34.6,MIL,OAK,2,15000000,7500000,2019
1273,Nelson Cruz,DH,38.4,SEA,MIN,1,14300000,14300000,2019
1274,Michael Fiers,SP,33.5,OAK,OAK,2,14100000,7050000,2019
1275,Matt Harvey,SP,29.7,CIN,LAA,1,11000000,11000000,2019
1276,Mike Moustakas,3B,30.4,MIL,MIL,1,10000000,10000000,2019
1277,Justin Wilson,RP,31.4,CHC,NYM,2,10000000,5000000,2019
1278,Kurt Suzuki,C,35.1,ATL,WSH,2,10000000,5000000,2019
1279,Brian Dozier,2B,31.6,LAD,WSH,1,9000000,9000000,2019
1280,Trevor Cahill,RP,30.8,OAK,LAA,1,9000000,9000000,2019
1281,Cody Allen,RP,30.1,CLE,LAA,1,8500000,8500000,2019
1282,Ian Kinsler,2B,36.4,BOS,SD,2,8000000,4000000,2019
1283,Jesse Chavez,RP,35.2,CHC,TEX,2,8000000,4000000,2019
1284,Jonathan Schoop,2B,27.1,MIL,MIN,1,7500000,7500000,2019
1285,Derek Holland,RP,32.2,SF,SF,1,7000000,7000000,2019
1286,Nick Markakis,RF,35.2,ATL,ATL,1,6000000,6000000,2019
1287,Tyson Ross,SP,31.6,STL,DET,1,5750000,5750000,2019
1288,Robinson Chirinos,C,34.4,TEX,HOU,1,5750000,5750000,2019
1289,Jordy Mercer,SS,32.2,PIT,DET,1,5250000,5250000,2019
1290,Billy Hamilton,CF,28.2,CIN,KC,1,5250000,5250000,2019
1291,Freddy Galvis,SS,29.2,SD,TOR,1,5000000,5000000,2019
1292,Daniel Descalso,2B,32.1,ARI,CHC,2,5000000,2500000,2019
1293,Wade Miley,SP,32.2,MIL,HOU,1,4500000,4500000,2019
1294,Wilmer Flores,1B,27.4,NYM,ARI,1,4250000,4250000,2019
1295,Marco Estrada,SP,35.5,TOR,OAK,1,4000000,4000000,2019
1296,Martin Perez,SP,27.8,TEX,MIN,1,4000000,4000000,2019
1297,Jon Jay,RF,33.8,ARI,CHW,1,4000000,4000000,2019
1298,Matt Adams,1B,30.2,STL,WSH,1,4000000,4000000,2019
1299,Asdrubal Cabrera,2B,33.2,PHI,TEX,1,3500000,3500000,2019
1300,Avisail Garcia,RF,27.6,CHW,TB,1,3500000,3500000,2019
1301,Matt Shoemaker,SP,32.2,LAA,TOR,1,3500000,3500000,2019
1302,Greg Holland,RP,33.2,WSH,ARI,1,3250000,3250000,2019
1303,Adam Jones,CF,33.6,BAL,ARI,1,3000000,3000000,2019
1304,Clay Buchholz,SP,34.5,ARI,TOR,1,3000000,3000000,2019
1305,Chris Owings,2B,27.2,ARI,KC,1,3000000,3000000,2019
1306,Jake Diekman,RP,32.0,ARI,KC,1,2750000,2750000,2019
1307,Shawn Kelley,RP,34.8,OAK,TEX,1,2750000,2750000,2019
1308,Lonnie Chisenhall,RF,30.1,CLE,PIT,1,2750000,2750000,2019
1309,Martin Maldonado,C,32.5,HOU,KC,1,2500000,2500000,2019
1310,Adam Warren,RP,31.5,SEA,SD,1,2500000,2500000,2019
1311,Sergio Romo,RP,35.9,TB,MIA,1,2500000,2500000,2019
1312,Oliver Perez,RP,37.4,CLE,CLE,1,2500000,2500000,2019
1313,David Phelps,RP,32.2,SEA,TOR,1,2500000,2500000,2019
1314,James McCann,C,28.5,DET,CHW,1,2500000,2500000,2019
1315,Justin Bour,1B,30.5,PHI,LAA,1,2500000,2500000,2019
1316,Matt Moore,SP,29.4,TEX,DET,1,2500000,2500000,2019
1317,Brad Boxberger,RP,30.7,ARI,KC,1,2200000,2200000,2019
1318,Jordan Lyles,SP,28.1,MIL,PIT,1,2050000,2050000,2019
1319,Gio Gonzalez,SP,33.6,NYY,MIL,1,2000000,2000000,2019
1320,Josh Harrison,2B,31.6,PIT,DET,1,2000000,2000000,2019
1321,Robbie Grossman,RF,29.3,MIN,OAK,1,2000000,2000000,2019
1322,Zach Duke,RP,35.8,SEA,CIN,1,2000000,2000000,2019
1323,Neil Walker,2B,33.3,NYY,MIA,1,2000000,2000000,2019
1324,Shelby Miller,SP,28.2,ARI,TEX,1,2000000,2000000,2019
1325,Brian McCann,C,34.8,HOU,ATL,1,2000000,2000000,2019
1326,Tim Beckham,3B,28.9,BAL,SEA,1,1750000,1750000,2019
1327,Daniel Hudson,RP,32.0,LAA,TOR,1,1500000,1500000,2019
1328,Brett Anderson,SP,31.0,OAK,OAK,1,1500000,1500000,2019
1329,Drew Pomeranz,RP,30.2,BOS,SF,1,1500000,1500000,2019
1330,Cory Gearrin,RP,32.7,OAK,SEA,1,1400000,1400000,2019
1331,Jeremy Hellickson,RP,31.8,WSH,WSH,1,1300000,1300000,2019
1332,Hunter Strickland,RP,30.3,SF,SEA,1,1300000,1300000,2019
1333,Tony Sipp,RP,35.7,HOU,WSH,1,1250000,1250000,2019
1334,Caleb Joseph,C,32.6,BAL,ARI,1,1100000,1100000,2019
1335,Zach McAllister,RP,31.1,LAD,TEX,1,1000000,1000000,2019
1336,Chris Herrmann,C,31.0,HOU,OAK,1,1000000,1000000,2019
1337,Jake Petricka,RP,30.6,TOR,MIL,1,900000,900000,2019
1338,Nate Karns,SP,31.2,KC,BAL,1,800000,800000,2019
1339,Alex Wilson,RP,32.3,CLE,MIL,1,750000,750000,2019
1340,Tony Barnette,RP,35.2,TEX,CHC,1,750000,750000,2019
1341,Kendall Graveman,RP,28.0,OAK,CHC,1,575000,575000,2019
1342,Troy Tulowitzki,SS,34.2,TOR,NYY,1,555000,555000,2019
1343,Francisco Cervelli,C,33.4,PIT,ATL,-,,,2019
1344,Adeiny Hechavarria,SS,30.3,NYM,ATL,-,,,2019
1345,Joe Panik,2B,28.8,SF,NYM,-,,,2019
1346,Jonathan Lucroy,C,33.1,LAA,CHC,-,,,2019
1347,Brad Brach,RP,33.2,CHC,NYM,-,,,2019
1348,Blake Parker,RP,34.1,LAA,PHI,-,,,2019
1349,Travis d'Arnaud,C,30.2,NYM,LAD,-,,,2019
1350,Gerrit Cole,SP,29.2,HOU,NYY,9,324000000,36000000,2020
1351,Stephen Strasburg,SP,31.3,WSH,WSH,7,245000000,35000000,2020
1352,Zack Wheeler,SP,29.5,NYM,PHI,5,118000000,23600000,2020
1353,Josh Donaldson,3B,34.1,ATL,MIN,4,92000000,23000000,2020
1354,Madison Bumgarner,SP,30.3,SF,ARI,5,85000000,17000000,2020
1355,Hyun-Jin Ryu,SP,32.7,LAD,TOR,4,80000000,20000000,2020
1356,Yasmani Grandal,C,31.0,MIL,CHW,4,73000000,18250000,2020
1357,Nick Castellanos,RF,27.8,CHC,CIN,4,64000000,16000000,2020
1358,Mike Moustakas,3B,31.2,MIL,CIN,4,64000000,16000000,2020
1359,Dallas Keuchel,SP,31.9,ATL,CHW,3,55500000,18500000,2020
1360,Will Smith,RP,30.3,SF,ATL,3,40000000,13333333,2020
1361,Drew Pomeranz,RP,31.0,MIL,SD,4,34000000,8500000,2020
1362,Kyle Gibson,SP,32.1,MIN,TEX,3,28000000,9333333,2020
1363,Will Harris,RP,35.3,HOU,WSH,3,24000000,8000000,2020
1364,Tanner Roark,SP,33.2,OAK,TOR,2,24000000,12000000,2020
1365,Avisail Garcia,RF,28.5,TB,MIL,2,20000000,10000000,2020
1366,Michael Pineda,SP,30.8,MIN,MIN,2,20000000,10000000,2020
1367,Marcell Ozuna,LF,29.2,STL,ATL,1,18000000,18000000,2020
1368,Cole Hamels,SP,35.9,CHC,ATL,1,18000000,18000000,2020
1369,Corey Dickerson,LF,30.6,PHI,MIA,2,17500000,8750000,2020
1370,Kole Calhoun,RF,32.2,LAA,ARI,2,16000000,8000000,2020
1371,Jordan Lyles,SP,29.1,MIL,TEX,2,16000000,8000000,2020
1372,Travis d'Arnaud,C,30.8,TB,ATL,2,16000000,8000000,2020
1373,Wade Miley,SP,33.1,HOU,CIN,2,15000000,7500000,2020
1374,Didi Gregorius,SS,29.8,NYY,PHI,1,14000000,14000000,2020
1375,Brett Gardner,LF,36.2,NYY,NYY,1,12500000,12500000,2020
1376,Starlin Castro,2B,29.8,MIA,WSH,2,12000000,6000000,2020
1377,Edwin Encarnacion,DH,36.9,NYY,CHW,1,12000000,12000000,2020
1378,Daniel Hudson,RP,32.8,WSH,WSH,2,11000000,5500000,2020
1379,Dellin Betances,RP,31.8,NYY,NYM,1,10500000,10500000,2020
1380,Rick Porcello,SP,30.9,BOS,NYM,1,10000000,10000000,2020
1381,Blake Treinen,RP,31.4,OAK,LAD,1,10000000,10000000,2020
1382,Yan Gomes,C,32.3,WSH,WSH,2,10000000,5000000,2020
1383,Josh Lindblom,SP,32.4,PIT,MIL,3,9125000,3041667,2020
1384,Craig Stammen,RP,35.8,SD,SD,2,9000000,4500000,2020
1385,Julio Teheran,SP,28.8,ATL,LAA,1,9000000,9000000,2020
1386,Kevin Gausman,SP,28.9,CIN,SF,1,9000000,9000000,2020
1387,Joe Smith,RP,35.7,HOU,HOU,2,8000000,4000000,2020
1388,Jake Diekman,RP,32.8,OAK,OAK,2,7500000,3750000,2020
1389,Homer Bailey,SP,33.6,OAK,MIN,1,7000000,7000000,2020
1390,Martin Maldonado,C,33.3,HOU,HOU,2,7000000,3500000,2020
1391,Jason Castro,C,32.5,MIN,LAA,1,6850000,6850000,2020
1392,Robinson Chirinos,C,35.6,HOU,TEX,1,6750000,6750000,2020
1393,Wilmer Flores,1B,28.4,ARI,SF,2,6250000,3125000,2020
1394,Cesar Hernandez,2B,29.6,PHI,CLE,1,6250000,6250000,2020
1395,Howie Kendrick,2B,36.3,WSH,WSH,1,6250000,6250000,2020
1396,C.J. Cron,1B,29.9,MIN,DET,1,6100000,6100000,2020
1397,Jonathan Schoop,2B,28.2,MIN,DET,1,6100000,6100000,2020
1398,Steve Cishek,RP,33.5,CHC,CHW,1,6000000,6000000,2020
1399,Martin Perez,SP,28.7,MIN,BOS,1,6000000,6000000,2020
1400,Todd Frazier,3B,33.9,NYM,TEX,1,5000000,5000000,2020
1401,Gio Gonzalez,SP,34.2,MIL,CHW,1,5000000,5000000,2020
1402,Justin Smoak,1B,33.0,TOR,MIL,1,5000000,5000000,2020
1403,Sergio Romo,RP,36.8,MIN,MIN,1,5000000,5000000,2020
1404,Brett Anderson,SP,31.8,OAK,MIL,1,5000000,5000000,2020
1405,Adam Wainwright,SP,38.2,STL,STL,1,5000000,5000000,2020
1406,Eric Sogard,3B,33.5,TB,MIL,1,4500000,4500000,2020
1407,Kevin Pillar,CF,31.1,SF,BOS,1,4250000,4250000,2020
1408,Alex Avila,C,32.8,ARI,MIN,1,4250000,4250000,2020
1409,Austin Romine,C,31.0,NYY,DET,1,4150000,4150000,2020
1410,Alex Gordon,OF,35.9,KC,KC,1,4000000,4000000,2020
1411,Alex Wood,SP,29.0,CIN,LAD,1,4000000,4000000,2020
1412,Eric Thames,1B,33.1,MIL,WSH,1,4000000,4000000,2020
1413,Travis Shaw,1B,29.7,MIL,TOR,1,4000000,4000000,2020
1414,Brandon Kintzler,RP,35.4,CHC,MIA,1,3250000,3250000,2020
1415,Hunter Pence,RF,36.8,TEX,SF,1,3000000,3000000,2020
1416,Mitch Moreland,1B,34.3,BOS,BOS,1,3000000,3000000,2020
1417,Hector Rondon,RP,31.8,HOU,ARI,1,3000000,3000000,2020
1418,Jose Iglesias,SS,30.0,CIN,BAL,1,3000000,3000000,2020
1419,Rich Hill,SP,39.8,LAD,MIN,1,3000000,3000000,2020
1420,Michael Wacha,SP,28.4,STL,NYM,1,3000000,3000000,2020
1421,Stephen Vogt,C,35.0,SF,ARI,1,3000000,3000000,2020
1422,Maikel Franco,3B,27.2,PHI,KC,1,2950000,2950000,2020
1423,Jose Peraza,SS,25.6,CIN,BOS,1,2850000,2850000,2020
1424,Tyler Clippard,RP,34.8,CLE,MIN,1,2750000,2750000,2020
1425,Darren O'Day,RP,37.0,ATL,ATL,1,2750000,2750000,2020
1426,Junior Guerra,RP,34.8,MIL,ARI,1,2650000,2650000,2020
1427,Asdrubal Cabrera,2B,34.1,WSH,WSH,1,2500000,2500000,2020
1428,Brad Brach,RP,33.6,NYM,NYM,2,2100000,1050000,2020
1429,Taijuan Walker,SP,27.5,ARI,SEA,1,2000000,2000000,2020
1430,Jarrod Dyson,CF,35.4,ARI,PIT,1,2000000,2000000,2020
1431,Ryan Zimmerman,1B,35.2,WSH,WSH,1,2000000,2000000,2020
1432,Matt Wieters,C,33.6,STL,STL,1,2000000,2000000,2020
1433,Jedd Gyorko,3B,31.2,LAD,MIL,1,2000000,2000000,2020
1434,Francisco Cervelli,C,33.8,ATL,MIA,1,2000000,2000000,2020
1435,Kendall Graveman,RP,28.9,CHC,SEA,1,2000000,2000000,2020
1436,Pedro Strop,RP,34.6,CHC,CIN,1,1825000,1825000,2020
1437,Alexander Claudio,RP,27.8,MIL,MIL,1,1750000,1750000,2020
1438,Yoshihisa Hirano,RP,35.8,ARI,SEA,1,1600000,1600000,2020
1439,Domingo Santana,RF,27.5,SEA,CLE,1,1500000,1500000,2020
1440,Cameron Maybin,RF,32.8,NYY,DET,1,1500000,1500000,2020
1441,Anthony Swarzak,RP,34.3,ATL,PHI,1,1500000,1500000,2020
1442,David Phelps,RP,33.2,CHC,MIL,1,1500000,1500000,2020
1443,Matt Joyce,LF,35.4,ATL,MIA,1,1500000,1500000,2020
1444,Ivan Nova,SP,33.0,CHW,DET,1,1500000,1500000,2020
1445,Jimmy Nelson,RP,30.6,MIL,LAD,1,1250000,1250000,2020
1446,Yimi Garcia,RP,29.2,LAD,MIA,1,1100000,1100000,2020
1447,Steven Souza,RF,30.8,ARI,CHC,1,1000000,1000000,2020
1448,Adeiny Hechavarria,SS,30.8,ATL,ATL,1,1000000,1000000,2020
1449,Guillermo Heredia,CF,28.9,TB,PIT,1,1000000,1000000,2020
1450,Ryon Healy,1B,27.9,SEA,MIL,1,1000000,1000000,2020
1451,C.J. Edwards,RP,28.2,SD,SEA,1,950000,950000,2020
1452,Kevin Plawecki,C,28.8,CLE,BOS,1,900000,900000,2020
1453,Ryan Tepera,RP,32.1,TOR,CHC,1,900000,900000,2020
1454,Luke Maile,C,28.8,TOR,PIT,1,900000,900000,2020
1455,Tommy Hunter,RP,33.6,PHI,PHI,1,850000,850000,2020
1456,Josh Osich,RP,31.2,BOS,BOS,1,850000,850000,2020
1457,Kohl Stewart,SP,25.2,MIN,BAL,1,800000,800000,2020
1458,Daniel Winkler,RP,29.8,SF,CHC,1,750000,750000,2020
1459,Jared Hughes,RP,34.9,HOU,NYM,1,700000,700000,2020
1460,Marco Hernandez,3B,27.2,BOS,BOS,1,650000,650000,2020
1461,Dustin Garneau,C,32.2,OAK,HOU,1,650000,650000,2020
1462,Collin McHugh,RP,32.7,HOU,BOS,1,600000,600000,2020
1463,Jesse Hahn,RP,30.3,KC,KC,1,600000,600000,2020
1464,Jake McGee,RP,33.9,COL,LAD,1,563500,563500,2020
1465,Jake Lamb,1B,29.9,ARI,OAK,-,,,2020
1466,Brock Holt,2B,32.2,MIL,WSH,-,,,2020
1467,Logan Forsythe,2B,33.5,PHI,MIA,-,,,2020
1468,Jhoulys Chacin,SP,32.5,MIN,ATL,-,,,2020
1469,Jose Lobaton,C,35.7,LAD,CHC,-,,,2020
1470,George Springer,CF,31.3,HOU,TOR,6,150000000,25000000,2021
1471,J.T. Realmuto,C,29.8,PHI,PHI,5,115500000,23100000,2021
1472,Trevor Bauer,SP,30.0,CIN,LAD,3,102000000,34000000,2021
1473,D.J. LeMahieu,3B,32.5,NYY,NYY,6,90000000,15000000,2021
1474,Marcell Ozuna,LF,30.2,ATL,ATL,4,65000000,16250000,2021
1475,Liam Hendriks,RP,31.9,OAK,CHW,3,54000000,18000000,2021
1476,James McCann,C,30.4,CHW,NYM,4,40600000,10150000,2021
1477,Justin Turner,3B,36.2,LAD,LAD,2,34000000,17000000,2021
1478,Michael Brantley,LF,33.7,HOU,HOU,2,32000000,16000000,2021
1479,Didi Gregorius,SS,30.9,PHI,PHI,2,28000000,14000000,2021
1480,Jackie Bradley Jr.,CF,30.8,BOS,MIL,2,24000000,12000000,2021
1481,Jake Odorizzi,SP,30.9,MIN,HOU,3,23500000,7833333,2021
1482,Taijuan Walker,SP,28.5,TOR,NYM,3,23000000,7666667,2021
1483,Jurickson Profar,LF,27.9,SD,SD,3,21000000,7000000,2021
1484,Tommy La Stella,2B,31.9,OAK,SF,3,18750000,6250000,2021
1485,Kolten Wong,2B,30.2,STL,MIL,2,18000000,9000000,2021
1486,Marcus Semien,2B,30.3,OAK,TOR,1,18000000,18000000,2021
1487,Mike Minor,SP,32.9,OAK,KC,2,18000000,9000000,2021
1488,Blake Treinen,RP,32.5,LAD,LAD,2,17500000,8750000,2021
1489,Carlos Santana,1B,34.7,CLE,KC,2,17500000,8750000,2021
1490,Trevor May,RP,31.2,MIN,NYM,2,15500000,7750000,2021
1491,Charlie Morton,SP,37.0,TB,ATL,1,15000000,15000000,2021
1492,Enrique Hernandez,CF,29.3,LAD,BOS,2,14000000,7000000,2021
1493,Nelson Cruz,DH,40.6,MIN,MIN,1,13000000,13000000,2021
1494,Pedro Baez,RP,32.8,LAD,HOU,2,12500000,6250000,2021
1495,Trevor Rosenthal,RP,30.7,SD,OAK,1,11000000,11000000,2021
1496,Corey Kluber,SP,34.8,TEX,NYY,1,11000000,11000000,2021
1497,Drew Smyly,SP,31.4,SF,ATL,1,11000000,11000000,2021
1498,Andrelton Simmons,SS,31.3,LAA,MIN,1,10500000,10500000,2021
1499,Brad Hand,RP,30.8,CLE,WSH,1,10500000,10500000,2021
1500,Garrett Richards,SP,32.6,SD,BOS,1,10000000,10000000,2021
1501,Kyle Schwarber,LF,27.8,CHC,WSH,1,10000000,10000000,2021
1502,Robbie Grossman,RF,31.2,OAK,DET,2,10000000,5000000,2021
1503,Yadier Molina,C,38.5,STL,STL,1,9000000,9000000,2021
1504,James Paxton,SP,32.2,NYY,SEA,1,8500000,8500000,2021
1505,Eddie Rosario,LF,29.3,MIN,CLE,1,8000000,8000000,2021
1506,Adam Wainwright,SP,39.3,STL,STL,1,8000000,8000000,2021
1507,Jose Quintana,SP,31.9,CHC,LAA,1,8000000,8000000,2021
1508,J.A. Happ,SP,38.2,NYY,MIN,1,8000000,8000000,2021
1509,Robbie Ray,SP,29.1,TOR,TOR,1,8000000,8000000,2021
1510,Ken Giles,RP,30.3,TOR,SEA,2,7000000,3500000,2021
1511,Joc Pederson,LF,28.8,LAD,CHC,1,7000000,7000000,2021
1512,Jason Castro,C,33.6,SD,HOU,2,7000000,3500000,2021
1513,Kevin Pillar,CF,32.1,COL,NYM,2,6500000,3250000,2021
1514,Chris Archer,SP,32.3,PIT,TB,1,6500000,6500000,2021
1515,Alex Colome,RP,32.1,CHW,MIN,1,6250000,6250000,2021
1516,Jake Arrieta,SP,34.9,PHI,CHC,1,6000000,6000000,2021
1517,Archie Bradley,RP,28.4,CIN,PHI,1,6000000,6000000,2021
1518,Anthony DeSclafani,SP,30.6,CIN,SF,1,6000000,6000000,2021
1519,Kirby Yates,RP,33.8,SD,TOR,1,5500000,5500000,2021
1520,Tommy Kahnle,RP,31.3,NYY,LAD,2,5250000,2625000,2021
1521,Brett Gardner,LF,37.4,NYY,NYY,2,5150000,2575000,2021
1522,Justin Wilson,RP,33.4,NYM,NYY,2,5150000,2575000,2021
1523,Adam Duvall,RF,32.4,ATL,MIA,1,5000000,5000000,2021
1524,Jake McGee,RP,34.5,LAD,SF,2,5000000,2500000,2021
1525,Cesar Hernandez,2B,30.7,CLE,CLE,1,5000000,5000000,2021
1526,Anthony Bass,RP,33.2,TOR,MIA,2,5000000,2500000,2021
1527,Jon Lester,SP,37.0,CHC,WSH,1,5000000,5000000,2021
1528,Jonathan Schoop,2B,29.2,DET,DET,1,4500000,4500000,2021
1529,Chase Anderson,RP,33.2,TOR,PHI,1,4000000,4000000,2021
1530,Jonathan Villar,SS,29.8,TOR,NYM,1,3550000,3550000,2021
1531,Brad Miller,2B,31.2,PHI,PHI,1,3500000,3500000,2021
1532,Michael Fiers,SP,35.6,OAK,OAK,1,3500000,3500000,2021
1533,Joakim Soria,RP,36.7,OAK,ARI,1,3500000,3500000,2021
1534,Jose Urena,SP,29.2,MIA,DET,1,3250000,3250000,2021
1535,Hunter Renfroe,RF,28.8,TB,BOS,1,3100000,3100000,2021
1536,Mark Melancon,RP,35.8,ATL,SD,1,3000000,3000000,2021
1537,Marwin Gonzalez,3B,31.8,MIN,BOS,1,3000000,3000000,2021
1538,Carlos Rodon,SP,28.1,CHW,CHW,1,3000000,3000000,2021
1539,Aaron Loup,RP,33.1,TB,NYM,1,3000000,3000000,2021
1540,Tyler Chatwood,RP,31.1,CHC,TOR,1,3000000,3000000,2021
1541,Alex Wood,SP,30.0,LAD,SF,1,3000000,3000000,2021
1542,Michael Wacha,SP,29.4,NYM,TB,1,3000000,3000000,2021
1543,Mike Zunino,C,29.7,TB,TB,1,3000000,3000000,2021
1544,Andrew Chafin,RP,30.6,CHC,CHC,1,2750000,2750000,2021
1545,Greg Holland,RP,35.0,KC,KC,1,2750000,2750000,2021
1546,David Dahl,OF,26.7,COL,TEX,1,2700000,2700000,2021
1547,Yusmeiro Petit,RP,36.2,OAK,OAK,1,2550000,2550000,2021
1548,Brett Anderson,SP,33.0,MIL,MIL,1,2500000,2500000,2021
1549,Sergio Romo,RP,37.9,MIN,OAK,1,2500000,2500000,2021
1550,Rich Hill,SP,40.9,MIN,TB,1,2500000,2500000,2021
1551,Trevor Williams,RP,28.8,PIT,CHC,1,2500000,2500000,2021
1552,Tyler Clippard,RP,36.0,MIN,ARI,1,2250000,2250000,2021
1553,Mitch Moreland,1B,35.4,SD,OAK,1,2250000,2250000,2021
1554,Matt Shoemaker,SP,34.3,TOR,MIN,1,2000000,2000000,2021
1555,Mike Foltynewicz,SP,29.2,ATL,TEX,1,2000000,2000000,2021
1556,Wilson Ramos,C,33.4,NYM,DET,1,2000000,2000000,2021
1557,Hansel Robles,RP,30.3,LAA,MIN,1,2000000,2000000,2021
1558,Jeff Mathis,C,37.8,TEX,PHI,1,1800000,1800000,2021
1559,Collin McHugh,RP,33.6,BOS,TB,1,1800000,1800000,2021
1560,Daniel Santana,OF,30.2,TEX,BOS,1,1750000,1750000,2021
1561,Asdrubal Cabrera,2B,35.2,WSH,ARI,1,1750000,1750000,2021
1562,David Phelps,RP,34.3,PHI,TOR,1,1750000,1750000,2021
1563,Nomar Mazara,RF,25.8,CHW,DET,1,1750000,1750000,2021
1564,Michael Taylor,CF,29.7,WSH,KC,1,1750000,1750000,2021
1565,Trevor Cahill,RP,33.0,SF,PIT,1,1500000,1500000,2021
1566,Jarrod Dyson,CF,36.5,CHW,KC,1,1500000,1500000,2021
1567,Jake Marisnick,CF,29.8,NYM,CHC,1,1500000,1500000,2021
1568,Sean Doolittle,RP,34.3,WSH,CIN,1,1500000,1500000,2021
1569,Alex Avila,C,33.9,MIN,WSH,1,1500000,1500000,2021
1570,Freddy Galvis,SS,31.2,CIN,BAL,1,1500000,1500000,2021
1571,Austin Romine,C,32.2,DET,CHC,1,1500000,1500000,2021
1572,Kurt Suzuki,C,37.2,WSH,LAA,1,1500000,1500000,2021
1573,Curt Casali,C,32.1,CIN,SF,1,1500000,1500000,2021
1574,Albert Almora,CF,26.8,CHC,NYM,1,1250000,1250000,2021
1575,Josh Tomlin,RP,36.0,ATL,ATL,1,1250000,1250000,2021
1576,Keone Kela,RP,27.8,PIT,SD,1,1200000,1200000,2021
1577,Chaz Roe,RP,34.3,TB,TB,1,1150000,1150000,2021
1578,Matt Wisler,RP,28.2,MIN,SF,1,1150000,1150000,2021
1579,Alexander Claudio,RP,28.8,MIL,LAA,1,1125000,1125000,2021
1580,Ryne Stanek,RP,29.4,MIA,HOU,1,1100000,1100000,2021
1581,Cole Hamels,SP,37.6,ATL,LAD,1,1000000,1000000,2021
1582,Tony Watson,RP,35.8,PHI,LAA,1,1000000,1000000,2021
1583,Steve Cishek,RP,34.8,HOU,LAA,1,1000000,1000000,2021
1584,Jake Lamb,1B,30.3,OAK,ATL,1,1000000,1000000,2021
1585,Brandon Workman,RP,32.5,PHI,CHC,1,1000000,1000000,2021
1586,Felix Hernandez,SP,34.8,ATL,BAL,1,1000000,1000000,2021
1587,Ryan Zimmerman,1B,36.2,WSH,WSH,1,1000000,1000000,2021
1588,Chris Devenski,RP,30.2,HOU,ARI,1,1000000,1000000,2021
1589,Abraham Almonte,CF,31.3,SD,ATL,1,990000,990000,2021
1590,Daniel Robertson,SS,26.8,SF,MIL,1,900000,900000,2021
1591,Maikel Franco,3B,28.5,KC,BAL,1,800000,800000,2021
1592,Ryan Tepera,RP,33.2,CHC,CHC,1,800000,800000,2021
1593,John Brebbia,RP,30.5,STL,SF,1,800000,800000,2021
1594,Keynan Middleton,RP,27.2,LAA,SEA,1,800000,800000,2021
1595,Oliver Drake,RP,34.1,TB,TB,1,775000,775000,2021
1596,Jonathan Holder,RP,27.5,NYY,CHC,1,750000,750000,2021
1597,Sam McWilliams,RP,25.2,TB,NYM,1,750000,750000,2021
1598,Kohl Stewart,SP,26.2,BAL,CHC,1,700000,700000,2021
1599,Scott Heineman,OF,27.9,TEX,TEX,1,595000,595000,2021
1600,Albert Pujols,DH,41.2,LAA,LAD,1,570500,570500,2021
1601,Joe Gatto,RP,25.4,LAA,TEX,1,570500,570500,2021
1602,Ross Detwiler,RP,35.5,MIA,SD,-,,,2021
1603,Jose Iglesias,SS,31.7,LAA,BOS,-,,,2021
1604,Matt Andriese,RP,31.9,BOS,SEA,-,,,2021
1605,Shane Greene,RP,32.8,ATL,LAD,-,,,2021
1606,Yoshitomo Tsutsugo,1B,29.7,LAD,PIT,-,,,2021
1607,Rene Rivera,C,37.9,CLE,WSH,-,,,2021
1608,Adam Eaton,RF,32.6,CHW,LAA,-,,,2021
1609,Jacob Faria,RP,27.8,LAA,ARI,-,,,2021
1610,Jhoulys Chacin,SP,33.2,NYY,COL,-,,,2021
1611,Caleb Joseph,C,34.7,TOR,NYM,1,,,2021
1612,Jason Vosler,3B,27.2,SD,SF,1,,,2021
